# ORÁCULO: Blender 5.2.2 LTS Cycles CPU, 2048 amostras, sem denoise, luz directa só (max_bounces 0), filtro 0,01 px.
# Gerado por docs/3DModeling/ferramentas/oraculo_ceu_do_chao_blender.py — NÃO editar à mão.
# CENA lado=384 quadro=(0.0, 0.0, 1.6) esfera=((-0.8, 0.3, 0.0), 0.3) caixa=((0.8, 0.2, 0.0), 0.4) céu=uniforme branco 1
# escuro = 1 - passe Shadow Catcher (o chão a y=0, objetos invisíveis à câmara).
corte,i,j,x,z,escuro
linha,0,192,-1.595833,0.004167,0.042966
linha,1,192,-1.587500,0.004167,0.043969
linha,2,192,-1.579167,0.004167,0.044450
linha,3,192,-1.570833,0.004167,0.045931
linha,4,192,-1.562500,0.004167,0.046944
linha,5,192,-1.554167,0.004167,0.049862
linha,6,192,-1.545833,0.004167,0.050807
linha,7,192,-1.537500,0.004167,0.050832
linha,8,192,-1.529167,0.004167,0.053249
linha,9,192,-1.520833,0.004167,0.055660
linha,10,192,-1.512500,0.004167,0.056698
linha,11,192,-1.504167,0.004167,0.060539
linha,12,192,-1.495833,0.004167,0.060064
linha,13,192,-1.487500,0.004167,0.062130
linha,14,192,-1.479167,0.004167,0.064462
linha,15,192,-1.470833,0.004167,0.066978
linha,16,192,-1.462500,0.004167,0.069381
linha,17,192,-1.454167,0.004167,0.071858
linha,18,192,-1.445833,0.004167,0.073780
linha,19,192,-1.437500,0.004167,0.072851
linha,20,192,-1.429167,0.004167,0.080174
linha,21,192,-1.420833,0.004167,0.081629
linha,22,192,-1.412500,0.004167,0.081147
linha,23,192,-1.404167,0.004167,0.085964
linha,24,192,-1.395833,0.004167,0.089832
linha,25,192,-1.387500,0.004167,0.090057
linha,26,192,-1.379167,0.004167,0.091398
linha,27,192,-1.370833,0.004167,0.098264
linha,28,192,-1.362500,0.004167,0.104154
linha,29,192,-1.354167,0.004167,0.102672
linha,30,192,-1.345833,0.004167,0.111118
linha,31,192,-1.337500,0.004167,0.113347
linha,32,192,-1.329167,0.004167,0.116825
linha,33,192,-1.320833,0.004167,0.121238
linha,34,192,-1.312500,0.004167,0.125754
linha,35,192,-1.304167,0.004167,0.129492
linha,36,192,-1.295833,0.004167,0.136382
linha,37,192,-1.287500,0.004167,0.143315
linha,38,192,-1.279167,0.004167,0.147786
linha,39,192,-1.270833,0.004167,0.153459
linha,40,192,-1.262500,0.004167,0.158435
linha,41,192,-1.254167,0.004167,0.164873
linha,42,192,-1.245833,0.004167,0.173174
linha,43,192,-1.237500,0.004167,0.176617
linha,44,192,-1.229167,0.004167,0.184785
linha,45,192,-1.220833,0.004167,0.194038
linha,46,192,-1.212500,0.004167,0.200363
linha,47,192,-1.204167,0.004167,0.209195
linha,48,192,-1.195833,0.004167,0.217673
linha,49,192,-1.187500,0.004167,0.227295
linha,50,192,-1.179167,0.004167,0.236848
linha,51,192,-1.170833,0.004167,0.249200
linha,52,192,-1.162500,0.004167,0.259886
linha,53,192,-1.154167,0.004167,0.268393
linha,54,192,-1.145833,0.004167,0.282875
linha,55,192,-1.137500,0.004167,0.292063
linha,56,192,-1.129167,0.004167,0.304771
linha,57,192,-1.120833,0.004167,0.319138
linha,58,192,-1.112500,0.004167,0.331199
linha,59,192,-1.104167,0.004167,0.349407
linha,60,192,-1.095833,0.004167,0.363651
linha,61,192,-1.087500,0.004167,0.377917
linha,62,192,-1.079167,0.004167,0.397101
linha,63,192,-1.070833,0.004167,0.414413
linha,64,192,-1.062500,0.004167,0.428998
linha,65,192,-1.054167,0.004167,0.451441
linha,66,192,-1.045833,0.004167,0.471320
linha,67,192,-1.037500,0.004167,0.492140
linha,68,192,-1.029167,0.004167,0.508531
linha,69,192,-1.020833,0.004167,0.528240
linha,70,192,-1.012500,0.004167,0.553802
linha,71,192,-1.004167,0.004167,0.574220
linha,72,192,-0.995833,0.004167,0.592609
linha,73,192,-0.987500,0.004167,0.617927
linha,74,192,-0.979167,0.004167,0.641349
linha,75,192,-0.970833,0.004167,0.664997
linha,76,192,-0.962500,0.004167,0.689138
linha,77,192,-0.954167,0.004167,0.712088
linha,78,192,-0.945833,0.004167,0.731444
linha,79,192,-0.937500,0.004167,0.758569
linha,80,192,-0.929167,0.004167,0.779147
linha,81,192,-0.920833,0.004167,0.801891
linha,82,192,-0.912500,0.004167,0.825082
linha,83,192,-0.904167,0.004167,0.848747
linha,84,192,-0.895833,0.004167,0.866486
linha,85,192,-0.887500,0.004167,0.887425
linha,86,192,-0.879167,0.004167,0.910355
linha,87,192,-0.870833,0.004167,0.923721
linha,88,192,-0.862500,0.004167,0.937471
linha,89,192,-0.854167,0.004167,0.954387
linha,90,192,-0.845833,0.004167,0.966603
linha,91,192,-0.837500,0.004167,0.978295
linha,92,192,-0.829167,0.004167,0.984603
linha,93,192,-0.820833,0.004167,0.994247
linha,94,192,-0.812500,0.004167,0.997218
linha,95,192,-0.804167,0.004167,0.999534
linha,96,192,-0.795833,0.004167,0.999536
linha,97,192,-0.787500,0.004167,0.997658
linha,98,192,-0.779167,0.004167,0.992394
linha,99,192,-0.770833,0.004167,0.988014
linha,100,192,-0.762500,0.004167,0.981648
linha,101,192,-0.754167,0.004167,0.968541
linha,102,192,-0.745833,0.004167,0.955114
linha,103,192,-0.737500,0.004167,0.943614
linha,104,192,-0.729167,0.004167,0.927554
linha,105,192,-0.720833,0.004167,0.910835
linha,106,192,-0.712500,0.004167,0.890958
linha,107,192,-0.704167,0.004167,0.870830
linha,108,192,-0.695833,0.004167,0.853000
linha,109,192,-0.687500,0.004167,0.826406
linha,110,192,-0.679167,0.004167,0.808312
linha,111,192,-0.670833,0.004167,0.783216
linha,112,192,-0.662500,0.004167,0.761200
linha,113,192,-0.654167,0.004167,0.738301
linha,114,192,-0.645833,0.004167,0.710573
linha,115,192,-0.637500,0.004167,0.692702
linha,116,192,-0.629167,0.004167,0.669648
linha,117,192,-0.620833,0.004167,0.648502
linha,118,192,-0.612500,0.004167,0.622220
linha,119,192,-0.604167,0.004167,0.602658
linha,120,192,-0.595833,0.004167,0.579399
linha,121,192,-0.587500,0.004167,0.556602
linha,122,192,-0.579167,0.004167,0.539379
linha,123,192,-0.570833,0.004167,0.516180
linha,124,192,-0.562500,0.004167,0.495235
linha,125,192,-0.554167,0.004167,0.477603
linha,126,192,-0.545833,0.004167,0.455213
linha,127,192,-0.537500,0.004167,0.435498
linha,128,192,-0.529167,0.004167,0.418736
linha,129,192,-0.520833,0.004167,0.399935
linha,130,192,-0.512500,0.004167,0.384630
linha,131,192,-0.504167,0.004167,0.367396
linha,132,192,-0.495833,0.004167,0.353325
linha,133,192,-0.487500,0.004167,0.338526
linha,134,192,-0.479167,0.004167,0.326292
linha,135,192,-0.470833,0.004167,0.312676
linha,136,192,-0.462500,0.004167,0.296133
linha,137,192,-0.454167,0.004167,0.286413
linha,138,192,-0.445833,0.004167,0.276125
linha,139,192,-0.437500,0.004167,0.265864
linha,140,192,-0.429167,0.004167,0.256621
linha,141,192,-0.420833,0.004167,0.244007
linha,142,192,-0.412500,0.004167,0.235334
linha,143,192,-0.404167,0.004167,0.225529
linha,144,192,-0.395833,0.004167,0.215038
linha,145,192,-0.387500,0.004167,0.210128
linha,146,192,-0.379167,0.004167,0.202358
linha,147,192,-0.370833,0.004167,0.194160
linha,148,192,-0.362500,0.004167,0.190132
linha,149,192,-0.354167,0.004167,0.182439
linha,150,192,-0.345833,0.004167,0.174633
linha,151,192,-0.337500,0.004167,0.167277
linha,152,192,-0.329167,0.004167,0.162522
linha,153,192,-0.320833,0.004167,0.157730
linha,154,192,-0.312500,0.004167,0.152104
linha,155,192,-0.304167,0.004167,0.148048
linha,156,192,-0.295833,0.004167,0.142106
linha,157,192,-0.287500,0.004167,0.136704
linha,158,192,-0.279167,0.004167,0.134368
linha,159,192,-0.270833,0.004167,0.128539
linha,160,192,-0.262500,0.004167,0.126958
linha,161,192,-0.254167,0.004167,0.123710
linha,162,192,-0.245833,0.004167,0.115393
linha,163,192,-0.237500,0.004167,0.116713
linha,164,192,-0.229167,0.004167,0.112321
linha,165,192,-0.220833,0.004167,0.109594
linha,166,192,-0.212500,0.004167,0.105549
linha,167,192,-0.204167,0.004167,0.102650
linha,168,192,-0.195833,0.004167,0.100260
linha,169,192,-0.187500,0.004167,0.099584
linha,170,192,-0.179167,0.004167,0.095706
linha,171,192,-0.170833,0.004167,0.091848
linha,172,192,-0.162500,0.004167,0.091456
linha,173,192,-0.154167,0.004167,0.088343
linha,174,192,-0.145833,0.004167,0.088493
linha,175,192,-0.137500,0.004167,0.089302
linha,176,192,-0.129167,0.004167,0.085515
linha,177,192,-0.120833,0.004167,0.082161
linha,178,192,-0.112500,0.004167,0.082068
linha,179,192,-0.104167,0.004167,0.081511
linha,180,192,-0.095833,0.004167,0.078158
linha,181,192,-0.087500,0.004167,0.078625
linha,182,192,-0.079167,0.004167,0.080125
linha,183,192,-0.070833,0.004167,0.076555
linha,184,192,-0.062500,0.004167,0.074681
linha,185,192,-0.054167,0.004167,0.075708
linha,186,192,-0.045833,0.004167,0.076698
linha,187,192,-0.037500,0.004167,0.072700
linha,188,192,-0.029167,0.004167,0.071251
linha,189,192,-0.020833,0.004167,0.072790
linha,190,192,-0.012500,0.004167,0.074135
linha,191,192,-0.004167,0.004167,0.072288
linha,192,192,0.004167,0.004167,0.072860
linha,193,192,0.012500,0.004167,0.072294
linha,194,192,0.020833,0.004167,0.071308
linha,195,192,0.029167,0.004167,0.068815
linha,196,192,0.037500,0.004167,0.071307
linha,197,192,0.045833,0.004167,0.071224
linha,198,192,0.054167,0.004167,0.071277
linha,199,192,0.062500,0.004167,0.075689
linha,200,192,0.070833,0.004167,0.074715
linha,201,192,0.079167,0.004167,0.072780
linha,202,192,0.087500,0.004167,0.073309
linha,203,192,0.095833,0.004167,0.073659
linha,204,192,0.104167,0.004167,0.076206
linha,205,192,0.112500,0.004167,0.077170
linha,206,192,0.120833,0.004167,0.077151
linha,207,192,0.129167,0.004167,0.078142
linha,208,192,0.137500,0.004167,0.079065
linha,209,192,0.145833,0.004167,0.079679
linha,210,192,0.154167,0.004167,0.082994
linha,211,192,0.162500,0.004167,0.083006
linha,212,192,0.170833,0.004167,0.084002
linha,213,192,0.179167,0.004167,0.087800
linha,214,192,0.187500,0.004167,0.089875
linha,215,192,0.195833,0.004167,0.091762
linha,216,192,0.204167,0.004167,0.093268
linha,217,192,0.212500,0.004167,0.096940
linha,218,192,0.220833,0.004167,0.098670
linha,219,192,0.229167,0.004167,0.102600
linha,220,192,0.237500,0.004167,0.102121
linha,221,192,0.245833,0.004167,0.106044
linha,222,192,0.254167,0.004167,0.109886
linha,223,192,0.262500,0.004167,0.110934
linha,224,192,0.270833,0.004167,0.115315
linha,225,192,0.279167,0.004167,0.123060
linha,226,192,0.287500,0.004167,0.122263
linha,227,192,0.295833,0.004167,0.127492
linha,228,192,0.304167,0.004167,0.130498
linha,229,192,0.312500,0.004167,0.137495
linha,230,192,0.320833,0.004167,0.143182
linha,231,192,0.329167,0.004167,0.148094
linha,232,192,0.337500,0.004167,0.151017
linha,233,192,0.345833,0.004167,0.156883
linha,234,192,0.354167,0.004167,0.161518
linha,235,192,0.362500,0.004167,0.168339
linha,236,192,0.370833,0.004167,0.171604
linha,237,192,0.379167,0.004167,0.184229
linha,238,192,0.387500,0.004167,0.190001
linha,239,192,0.395833,0.004167,0.194622
linha,240,192,0.404167,0.004167,0.202724
linha,241,192,0.412500,0.004167,0.211126
linha,242,192,0.420833,0.004167,0.221754
linha,243,192,0.429167,0.004167,0.228649
linha,244,192,0.437500,0.004167,0.240252
linha,245,192,0.445833,0.004167,0.247827
linha,246,192,0.454167,0.004167,0.261097
linha,247,192,0.462500,0.004167,0.271949
linha,248,192,0.470833,0.004167,0.278814
linha,249,192,0.479167,0.004167,0.293282
linha,250,192,0.487500,0.004167,0.306784
linha,251,192,0.495833,0.004167,0.319510
linha,252,192,0.504167,0.004167,0.330082
linha,253,192,0.512500,0.004167,0.346608
linha,254,192,0.520833,0.004167,0.359671
linha,255,192,0.529167,0.004167,0.374333
linha,256,192,0.537500,0.004167,0.388105
linha,257,192,0.545833,0.004167,0.400362
linha,258,192,0.554167,0.004167,0.418474
linha,259,192,0.562500,0.004167,0.433307
linha,260,192,0.570833,0.004167,0.448934
linha,261,192,0.579167,0.004167,0.468572
linha,262,192,0.587500,0.004167,0.483667
linha,263,192,0.595833,0.004167,0.503373
linha,264,192,0.604167,0.004167,1.000000
linha,265,192,0.612500,0.004167,1.000000
linha,266,192,0.620833,0.004167,1.000000
linha,267,192,0.629167,0.004167,1.000000
linha,268,192,0.637500,0.004167,1.000000
linha,269,192,0.645833,0.004167,1.000000
linha,270,192,0.654167,0.004167,1.000000
linha,271,192,0.662500,0.004167,1.000000
linha,272,192,0.670833,0.004167,1.000000
linha,273,192,0.679167,0.004167,1.000000
linha,274,192,0.687500,0.004167,1.000000
linha,275,192,0.695833,0.004167,1.000000
linha,276,192,0.704167,0.004167,1.000000
linha,277,192,0.712500,0.004167,1.000000
linha,278,192,0.720833,0.004167,1.000000
linha,279,192,0.729167,0.004167,1.000000
linha,280,192,0.737500,0.004167,1.000000
linha,281,192,0.745833,0.004167,1.000000
linha,282,192,0.754167,0.004167,1.000000
linha,283,192,0.762500,0.004167,1.000000
linha,284,192,0.770833,0.004167,1.000000
linha,285,192,0.779167,0.004167,1.000000
linha,286,192,0.787500,0.004167,1.000000
linha,287,192,0.795833,0.004167,1.000000
linha,288,192,0.804167,0.004167,1.000000
linha,289,192,0.812500,0.004167,1.000000
linha,290,192,0.820833,0.004167,1.000000
linha,291,192,0.829167,0.004167,1.000000
linha,292,192,0.837500,0.004167,1.000000
linha,293,192,0.845833,0.004167,1.000000
linha,294,192,0.854167,0.004167,1.000000
linha,295,192,0.862500,0.004167,1.000000
linha,296,192,0.870833,0.004167,1.000000
linha,297,192,0.879167,0.004167,1.000000
linha,298,192,0.887500,0.004167,1.000000
linha,299,192,0.895833,0.004167,1.000000
linha,300,192,0.904167,0.004167,1.000000
linha,301,192,0.912500,0.004167,1.000000
linha,302,192,0.920833,0.004167,1.000000
linha,303,192,0.929167,0.004167,1.000000
linha,304,192,0.937500,0.004167,1.000000
linha,305,192,0.945833,0.004167,1.000000
linha,306,192,0.954167,0.004167,1.000000
linha,307,192,0.962500,0.004167,1.000000
linha,308,192,0.970833,0.004167,1.000000
linha,309,192,0.979167,0.004167,1.000000
linha,310,192,0.987500,0.004167,1.000000
linha,311,192,0.995833,0.004167,1.000000
linha,312,192,1.004167,0.004167,0.491167
linha,313,192,1.012500,0.004167,0.475157
linha,314,192,1.020833,0.004167,0.459315
linha,315,192,1.029167,0.004167,0.442138
linha,316,192,1.037500,0.004167,0.426014
linha,317,192,1.045833,0.004167,0.410476
linha,318,192,1.054167,0.004167,0.394818
linha,319,192,1.062500,0.004167,0.381822
linha,320,192,1.070833,0.004167,0.365189
linha,321,192,1.079167,0.004167,0.350356
linha,322,192,1.087500,0.004167,0.335571
linha,323,192,1.095833,0.004167,0.318726
linha,324,192,1.104167,0.004167,0.307081
linha,325,192,1.112500,0.004167,0.292293
linha,326,192,1.120833,0.004167,0.283271
linha,327,192,1.129167,0.004167,0.269303
linha,328,192,1.137500,0.004167,0.260153
linha,329,192,1.145833,0.004167,0.247831
linha,330,192,1.154167,0.004167,0.236392
linha,331,192,1.162500,0.004167,0.227866
linha,332,192,1.170833,0.004167,0.215415
linha,333,192,1.179167,0.004167,0.206121
linha,334,192,1.187500,0.004167,0.197392
linha,335,192,1.195833,0.004167,0.190193
linha,336,192,1.204167,0.004167,0.181411
linha,337,192,1.212500,0.004167,0.174530
linha,338,192,1.220833,0.004167,0.168400
linha,339,192,1.229167,0.004167,0.158559
linha,340,192,1.237500,0.004167,0.154549
linha,341,192,1.245833,0.004167,0.144982
linha,342,192,1.254167,0.004167,0.142158
linha,343,192,1.262500,0.004167,0.137370
linha,344,192,1.270833,0.004167,0.129209
linha,345,192,1.279167,0.004167,0.125185
linha,346,192,1.287500,0.004167,0.119692
linha,347,192,1.295833,0.004167,0.111840
linha,348,192,1.304167,0.004167,0.109430
linha,349,192,1.312500,0.004167,0.105669
linha,350,192,1.320833,0.004167,0.100193
linha,351,192,1.329167,0.004167,0.098235
linha,352,192,1.337500,0.004167,0.093280
linha,353,192,1.345833,0.004167,0.088454
linha,354,192,1.354167,0.004167,0.083912
linha,355,192,1.362500,0.004167,0.083074
linha,356,192,1.370833,0.004167,0.079057
linha,357,192,1.379167,0.004167,0.076756
linha,358,192,1.387500,0.004167,0.073288
linha,359,192,1.395833,0.004167,0.070829
linha,360,192,1.404167,0.004167,0.068341
linha,361,192,1.412500,0.004167,0.063547
linha,362,192,1.420833,0.004167,0.065038
linha,363,192,1.429167,0.004167,0.060631
linha,364,192,1.437500,0.004167,0.057698
linha,365,192,1.445833,0.004167,0.056231
linha,366,192,1.454167,0.004167,0.054712
linha,367,192,1.462500,0.004167,0.052240
linha,368,192,1.470833,0.004167,0.050798
linha,369,192,1.479167,0.004167,0.049225
linha,370,192,1.487500,0.004167,0.045355
linha,371,192,1.495833,0.004167,0.044973
linha,372,192,1.504167,0.004167,0.042451
linha,373,192,1.512500,0.004167,0.044474
linha,374,192,1.520833,0.004167,0.040492
linha,375,192,1.529167,0.004167,0.039072
linha,376,192,1.537500,0.004167,0.038100
linha,377,192,1.545833,0.004167,0.036137
linha,378,192,1.554167,0.004167,0.036079
linha,379,192,1.562500,0.004167,0.034217
linha,380,192,1.570833,0.004167,0.035161
linha,381,192,1.579167,0.004167,0.031737
linha,382,192,1.587500,0.004167,0.030746
linha,383,192,1.595833,0.004167,0.030761
coluna_esfera,96,0,-0.795833,-1.595833,0.007304
coluna_esfera,96,1,-0.795833,-1.587500,0.007795
coluna_esfera,96,2,-0.795833,-1.579167,0.007280
coluna_esfera,96,3,-0.795833,-1.570833,0.007306
coluna_esfera,96,4,-0.795833,-1.562500,0.006818
coluna_esfera,96,5,-0.795833,-1.554167,0.009254
coluna_esfera,96,6,-0.795833,-1.545833,0.009137
coluna_esfera,96,7,-0.795833,-1.537500,0.007279
coluna_esfera,96,8,-0.795833,-1.529167,0.008223
coluna_esfera,96,9,-0.795833,-1.520833,0.009239
coluna_esfera,96,10,-0.795833,-1.512500,0.007306
coluna_esfera,96,11,-0.795833,-1.504167,0.007305
coluna_esfera,96,12,-0.795833,-1.495833,0.008288
coluna_esfera,96,13,-0.795833,-1.487500,0.008289
coluna_esfera,96,14,-0.795833,-1.479167,0.008292
coluna_esfera,96,15,-0.795833,-1.470833,0.009712
coluna_esfera,96,16,-0.795833,-1.462500,0.009257
coluna_esfera,96,17,-0.795833,-1.454167,0.010610
coluna_esfera,96,18,-0.795833,-1.445833,0.008775
coluna_esfera,96,19,-0.795833,-1.437500,0.010725
coluna_esfera,96,20,-0.795833,-1.429167,0.009715
coluna_esfera,96,21,-0.795833,-1.420833,0.011223
coluna_esfera,96,22,-0.795833,-1.412500,0.012159
coluna_esfera,96,23,-0.795833,-1.404167,0.010224
coluna_esfera,96,24,-0.795833,-1.395833,0.011227
coluna_esfera,96,25,-0.795833,-1.387500,0.009728
coluna_esfera,96,26,-0.795833,-1.379167,0.011695
coluna_esfera,96,27,-0.795833,-1.370833,0.010728
coluna_esfera,96,28,-0.795833,-1.362500,0.010720
coluna_esfera,96,29,-0.795833,-1.354167,0.012181
coluna_esfera,96,30,-0.795833,-1.345833,0.012695
coluna_esfera,96,31,-0.795833,-1.337500,0.010691
coluna_esfera,96,32,-0.795833,-1.329167,0.011712
coluna_esfera,96,33,-0.795833,-1.320833,0.011712
coluna_esfera,96,34,-0.795833,-1.312500,0.012651
coluna_esfera,96,35,-0.795833,-1.304167,0.012676
coluna_esfera,96,36,-0.795833,-1.295833,0.012643
coluna_esfera,96,37,-0.795833,-1.287500,0.014163
coluna_esfera,96,38,-0.795833,-1.279167,0.014120
coluna_esfera,96,39,-0.795833,-1.270833,0.012674
coluna_esfera,96,40,-0.795833,-1.262500,0.013172
coluna_esfera,96,41,-0.795833,-1.254167,0.015084
coluna_esfera,96,42,-0.795833,-1.245833,0.014116
coluna_esfera,96,43,-0.795833,-1.237500,0.014654
coluna_esfera,96,44,-0.795833,-1.229167,0.016081
coluna_esfera,96,45,-0.795833,-1.220833,0.015101
coluna_esfera,96,46,-0.795833,-1.212500,0.016585
coluna_esfera,96,47,-0.795833,-1.204167,0.016078
coluna_esfera,96,48,-0.795833,-1.195833,0.015595
coluna_esfera,96,49,-0.795833,-1.187500,0.017076
coluna_esfera,96,50,-0.795833,-1.179167,0.016574
coluna_esfera,96,51,-0.795833,-1.170833,0.015128
coluna_esfera,96,52,-0.795833,-1.162500,0.017088
coluna_esfera,96,53,-0.795833,-1.154167,0.018504
coluna_esfera,96,54,-0.795833,-1.145833,0.018470
coluna_esfera,96,55,-0.795833,-1.137500,0.017539
coluna_esfera,96,56,-0.795833,-1.129167,0.015128
coluna_esfera,96,57,-0.795833,-1.120833,0.020445
coluna_esfera,96,58,-0.795833,-1.112500,0.019012
coluna_esfera,96,59,-0.795833,-1.104167,0.019036
coluna_esfera,96,60,-0.795833,-1.095833,0.020940
coluna_esfera,96,61,-0.795833,-1.087500,0.021003
coluna_esfera,96,62,-0.795833,-1.079167,0.021943
coluna_esfera,96,63,-0.795833,-1.070833,0.022426
coluna_esfera,96,64,-0.795833,-1.062500,0.022409
coluna_esfera,96,65,-0.795833,-1.054167,0.023377
coluna_esfera,96,66,-0.795833,-1.045833,0.022374
coluna_esfera,96,67,-0.795833,-1.037500,0.022895
coluna_esfera,96,68,-0.795833,-1.029167,0.021950
coluna_esfera,96,69,-0.795833,-1.020833,0.024385
coluna_esfera,96,70,-0.795833,-1.012500,0.023427
coluna_esfera,96,71,-0.795833,-1.004167,0.025840
coluna_esfera,96,72,-0.795833,-0.995833,0.026370
coluna_esfera,96,73,-0.795833,-0.987500,0.026820
coluna_esfera,96,74,-0.795833,-0.979167,0.025357
coluna_esfera,96,75,-0.795833,-0.970833,0.028784
coluna_esfera,96,76,-0.795833,-0.962500,0.026404
coluna_esfera,96,77,-0.795833,-0.954167,0.028755
coluna_esfera,96,78,-0.795833,-0.945833,0.029288
coluna_esfera,96,79,-0.795833,-0.937500,0.028331
coluna_esfera,96,80,-0.795833,-0.929167,0.031708
coluna_esfera,96,81,-0.795833,-0.920833,0.030760
coluna_esfera,96,82,-0.795833,-0.912500,0.032168
coluna_esfera,96,83,-0.795833,-0.904167,0.032196
coluna_esfera,96,84,-0.795833,-0.895833,0.032649
coluna_esfera,96,85,-0.795833,-0.887500,0.035123
coluna_esfera,96,86,-0.795833,-0.879167,0.035154
coluna_esfera,96,87,-0.795833,-0.870833,0.038048
coluna_esfera,96,88,-0.795833,-0.862500,0.037107
coluna_esfera,96,89,-0.795833,-0.854167,0.037555
coluna_esfera,96,90,-0.795833,-0.845833,0.040022
coluna_esfera,96,91,-0.795833,-0.837500,0.039558
coluna_esfera,96,92,-0.795833,-0.829167,0.039952
coluna_esfera,96,93,-0.795833,-0.820833,0.041967
coluna_esfera,96,94,-0.795833,-0.812500,0.044391
coluna_esfera,96,95,-0.795833,-0.804167,0.044942
coluna_esfera,96,96,-0.795833,-0.795833,0.045391
coluna_esfera,96,97,-0.795833,-0.787500,0.047375
coluna_esfera,96,98,-0.795833,-0.779167,0.049254
coluna_esfera,96,99,-0.795833,-0.770833,0.051813
coluna_esfera,96,100,-0.795833,-0.762500,0.048828
coluna_esfera,96,101,-0.795833,-0.754167,0.052257
coluna_esfera,96,102,-0.795833,-0.745833,0.053270
coluna_esfera,96,103,-0.795833,-0.737500,0.054663
coluna_esfera,96,104,-0.795833,-0.729167,0.056669
coluna_esfera,96,105,-0.795833,-0.720833,0.057112
coluna_esfera,96,106,-0.795833,-0.712500,0.058606
coluna_esfera,96,107,-0.795833,-0.704167,0.062581
coluna_esfera,96,108,-0.795833,-0.695833,0.062053
coluna_esfera,96,109,-0.795833,-0.687500,0.065914
coluna_esfera,96,110,-0.795833,-0.679167,0.067507
coluna_esfera,96,111,-0.795833,-0.670833,0.067481
coluna_esfera,96,112,-0.795833,-0.662500,0.070836
coluna_esfera,96,113,-0.795833,-0.654167,0.075263
coluna_esfera,96,114,-0.795833,-0.645833,0.075678
coluna_esfera,96,115,-0.795833,-0.637500,0.078280
coluna_esfera,96,116,-0.795833,-0.629167,0.082154
coluna_esfera,96,117,-0.795833,-0.620833,0.082636
coluna_esfera,96,118,-0.795833,-0.612500,0.085061
coluna_esfera,96,119,-0.795833,-0.604167,0.089416
coluna_esfera,96,120,-0.795833,-0.595833,0.091291
coluna_esfera,96,121,-0.795833,-0.587500,0.093831
coluna_esfera,96,122,-0.795833,-0.579167,0.098304
coluna_esfera,96,123,-0.795833,-0.570833,0.101079
coluna_esfera,96,124,-0.795833,-0.562500,0.106022
coluna_esfera,96,125,-0.795833,-0.554167,0.106075
coluna_esfera,96,126,-0.795833,-0.545833,0.111045
coluna_esfera,96,127,-0.795833,-0.537500,0.115734
coluna_esfera,96,128,-0.795833,-0.529167,0.122250
coluna_esfera,96,129,-0.795833,-0.520833,0.125624
coluna_esfera,96,130,-0.795833,-0.512500,0.130072
coluna_esfera,96,131,-0.795833,-0.504167,0.133856
coluna_esfera,96,132,-0.795833,-0.495833,0.139868
coluna_esfera,96,133,-0.795833,-0.487500,0.142327
coluna_esfera,96,134,-0.795833,-0.479167,0.150501
coluna_esfera,96,135,-0.795833,-0.470833,0.153185
coluna_esfera,96,136,-0.795833,-0.462500,0.163537
coluna_esfera,96,137,-0.795833,-0.454167,0.165533
coluna_esfera,96,138,-0.795833,-0.445833,0.173793
coluna_esfera,96,139,-0.795833,-0.437500,0.180133
coluna_esfera,96,140,-0.795833,-0.429167,0.188370
coluna_esfera,96,141,-0.795833,-0.420833,0.195178
coluna_esfera,96,142,-0.795833,-0.412500,0.207272
coluna_esfera,96,143,-0.795833,-0.404167,0.208701
coluna_esfera,96,144,-0.795833,-0.395833,0.220990
coluna_esfera,96,145,-0.795833,-0.387500,0.232266
coluna_esfera,96,146,-0.795833,-0.379167,0.236471
coluna_esfera,96,147,-0.795833,-0.370833,0.251155
coluna_esfera,96,148,-0.795833,-0.362500,0.259503
coluna_esfera,96,149,-0.795833,-0.354167,0.272256
coluna_esfera,96,150,-0.795833,-0.345833,0.285254
coluna_esfera,96,151,-0.795833,-0.337500,0.296511
coluna_esfera,96,152,-0.795833,-0.329167,0.310332
coluna_esfera,96,153,-0.795833,-0.320833,0.324509
coluna_esfera,96,154,-0.795833,-0.312500,0.333517
coluna_esfera,96,155,-0.795833,-0.304167,0.350913
coluna_esfera,96,156,-0.795833,-0.295833,0.365634
coluna_esfera,96,157,-0.795833,-0.287500,0.381992
coluna_esfera,96,158,-0.795833,-0.279167,0.401359
coluna_esfera,96,159,-0.795833,-0.270833,0.416102
coluna_esfera,96,160,-0.795833,-0.262500,0.434886
coluna_esfera,96,161,-0.795833,-0.254167,0.457295
coluna_esfera,96,162,-0.795833,-0.245833,0.471572
coluna_esfera,96,163,-0.795833,-0.237500,0.490388
coluna_esfera,96,164,-0.795833,-0.229167,0.513922
coluna_esfera,96,165,-0.795833,-0.220833,0.530576
coluna_esfera,96,166,-0.795833,-0.212500,0.549155
coluna_esfera,96,167,-0.795833,-0.204167,0.578060
coluna_esfera,96,168,-0.795833,-0.195833,0.597713
coluna_esfera,96,169,-0.795833,-0.187500,0.621213
coluna_esfera,96,170,-0.795833,-0.179167,0.646529
coluna_esfera,96,171,-0.795833,-0.170833,0.666523
coluna_esfera,96,172,-0.795833,-0.162500,0.691238
coluna_esfera,96,173,-0.795833,-0.154167,0.714563
coluna_esfera,96,174,-0.795833,-0.145833,0.735791
coluna_esfera,96,175,-0.795833,-0.137500,0.762318
coluna_esfera,96,176,-0.795833,-0.129167,0.786416
coluna_esfera,96,177,-0.795833,-0.120833,0.807878
coluna_esfera,96,178,-0.795833,-0.112500,0.830950
coluna_esfera,96,179,-0.795833,-0.104167,0.848619
coluna_esfera,96,180,-0.795833,-0.095833,0.871749
coluna_esfera,96,181,-0.795833,-0.087500,0.890796
coluna_esfera,96,182,-0.795833,-0.079167,0.906701
coluna_esfera,96,183,-0.795833,-0.070833,0.924239
coluna_esfera,96,184,-0.795833,-0.062500,0.941120
coluna_esfera,96,185,-0.795833,-0.054167,0.957380
coluna_esfera,96,186,-0.795833,-0.045833,0.965584
coluna_esfera,96,187,-0.795833,-0.037500,0.979248
coluna_esfera,96,188,-0.795833,-0.029167,0.985583
coluna_esfera,96,189,-0.795833,-0.020833,0.993861
coluna_esfera,96,190,-0.795833,-0.012500,0.997153
coluna_esfera,96,191,-0.795833,-0.004167,0.999609
coluna_esfera,96,192,-0.795833,0.004167,0.999536
coluna_esfera,96,193,-0.795833,0.012500,0.996781
coluna_esfera,96,194,-0.795833,0.020833,0.992424
coluna_esfera,96,195,-0.795833,0.029167,0.984719
coluna_esfera,96,196,-0.795833,0.037500,0.977746
coluna_esfera,96,197,-0.795833,0.045833,0.968211
coluna_esfera,96,198,-0.795833,0.054167,0.955844
coluna_esfera,96,199,-0.795833,0.062500,0.941710
coluna_esfera,96,200,-0.795833,0.070833,0.927988
coluna_esfera,96,201,-0.795833,0.079167,0.907973
coluna_esfera,96,202,-0.795833,0.087500,0.891870
coluna_esfera,96,203,-0.795833,0.095833,0.872016
coluna_esfera,96,204,-0.795833,0.104167,0.853314
coluna_esfera,96,205,-0.795833,0.112500,0.829776
coluna_esfera,96,206,-0.795833,0.120833,0.804567
coluna_esfera,96,207,-0.795833,0.129167,0.784419
coluna_esfera,96,208,-0.795833,0.137500,0.760036
coluna_esfera,96,209,-0.795833,0.145833,0.737015
coluna_esfera,96,210,-0.795833,0.154167,0.713138
coluna_esfera,96,211,-0.795833,0.162500,0.690276
coluna_esfera,96,212,-0.795833,0.170833,0.667825
coluna_esfera,96,213,-0.795833,0.179167,0.645397
coluna_esfera,96,214,-0.795833,0.187500,0.618480
coluna_esfera,96,215,-0.795833,0.195833,0.597704
coluna_esfera,96,216,-0.795833,0.204167,0.577652
coluna_esfera,96,217,-0.795833,0.212500,0.556854
coluna_esfera,96,218,-0.795833,0.220833,0.534320
coluna_esfera,96,219,-0.795833,0.229167,0.514222
coluna_esfera,96,220,-0.795833,0.237500,0.491627
coluna_esfera,96,221,-0.795833,0.245833,0.474568
coluna_esfera,96,222,-0.795833,0.254167,0.450854
coluna_esfera,96,223,-0.795833,0.262500,0.432996
coluna_esfera,96,224,-0.795833,0.270833,0.414294
coluna_esfera,96,225,-0.795833,0.279167,0.395113
coluna_esfera,96,226,-0.795833,0.287500,0.381082
coluna_esfera,96,227,-0.795833,0.295833,0.366551
coluna_esfera,96,228,-0.795833,0.304167,0.352011
coluna_esfera,96,229,-0.795833,0.312500,0.337904
coluna_esfera,96,230,-0.795833,0.320833,0.321879
coluna_esfera,96,231,-0.795833,0.329167,0.307604
coluna_esfera,96,232,-0.795833,0.337500,0.297026
coluna_esfera,96,233,-0.795833,0.345833,0.280142
coluna_esfera,96,234,-0.795833,0.354167,0.274108
coluna_esfera,96,235,-0.795833,0.362500,0.262340
coluna_esfera,96,236,-0.795833,0.370833,0.249434
coluna_esfera,96,237,-0.795833,0.379167,0.239490
coluna_esfera,96,238,-0.795833,0.387500,0.231520
coluna_esfera,96,239,-0.795833,0.395833,0.220247
coluna_esfera,96,240,-0.795833,0.404167,0.213469
coluna_esfera,96,241,-0.795833,0.412500,0.204665
coluna_esfera,96,242,-0.795833,0.420833,0.195283
coluna_esfera,96,243,-0.795833,0.429167,0.189156
coluna_esfera,96,244,-0.795833,0.437500,0.181453
coluna_esfera,96,245,-0.795833,0.445833,0.173197
coluna_esfera,96,246,-0.795833,0.454167,0.168097
coluna_esfera,96,247,-0.795833,0.462500,0.160087
coluna_esfera,96,248,-0.795833,0.470833,0.156637
coluna_esfera,96,249,-0.795833,0.479167,0.150978
coluna_esfera,96,250,-0.795833,0.487500,0.144709
coluna_esfera,96,251,-0.795833,0.495833,0.138325
coluna_esfera,96,252,-0.795833,0.504167,0.134631
coluna_esfera,96,253,-0.795833,0.512500,0.129584
coluna_esfera,96,254,-0.795833,0.520833,0.122223
coluna_esfera,96,255,-0.795833,0.529167,0.122221
coluna_esfera,96,256,-0.795833,0.537500,0.117823
coluna_esfera,96,257,-0.795833,0.545833,0.111852
coluna_esfera,96,258,-0.795833,0.554167,0.106999
coluna_esfera,96,259,-0.795833,0.562500,0.106800
coluna_esfera,96,260,-0.795833,0.570833,0.101582
coluna_esfera,96,261,-0.795833,0.579167,0.098643
coluna_esfera,96,262,-0.795833,0.587500,0.092343
coluna_esfera,96,263,-0.795833,0.595833,0.094333
coluna_esfera,96,264,-0.795833,0.604167,0.089056
coluna_esfera,96,265,-0.795833,0.612500,0.084532
coluna_esfera,96,266,-0.795833,0.620833,0.084026
coluna_esfera,96,267,-0.795833,0.629167,0.081616
coluna_esfera,96,268,-0.795833,0.637500,0.078567
coluna_esfera,96,269,-0.795833,0.645833,0.076713
coluna_esfera,96,270,-0.795833,0.654167,0.074291
coluna_esfera,96,271,-0.795833,0.662500,0.069303
coluna_esfera,96,272,-0.795833,0.670833,0.070358
coluna_esfera,96,273,-0.795833,0.679167,0.068410
coluna_esfera,96,274,-0.795833,0.687500,0.063958
coluna_esfera,96,275,-0.795833,0.695833,0.064872
coluna_esfera,96,276,-0.795833,0.704167,0.060543
coluna_esfera,96,277,-0.795833,0.712500,0.059078
coluna_esfera,96,278,-0.795833,0.720833,0.059169
coluna_esfera,96,279,-0.795833,0.729167,0.058045
coluna_esfera,96,280,-0.795833,0.737500,0.054759
coluna_esfera,96,281,-0.795833,0.745833,0.053190
coluna_esfera,96,282,-0.795833,0.754167,0.051295
coluna_esfera,96,283,-0.795833,0.762500,0.051798
coluna_esfera,96,284,-0.795833,0.770833,0.048857
coluna_esfera,96,285,-0.795833,0.779167,0.046881
coluna_esfera,96,286,-0.795833,0.787500,0.047808
coluna_esfera,96,287,-0.795833,0.795833,0.043520
coluna_esfera,96,288,-0.795833,0.804167,0.044910
coluna_esfera,96,289,-0.795833,0.812500,0.043950
coluna_esfera,96,290,-0.795833,0.820833,0.041485
coluna_esfera,96,291,-0.795833,0.829167,0.040047
coluna_esfera,96,292,-0.795833,0.837500,0.039575
coluna_esfera,96,293,-0.795833,0.845833,0.038055
coluna_esfera,96,294,-0.795833,0.854167,0.038041
coluna_esfera,96,295,-0.795833,0.862500,0.036157
coluna_esfera,96,296,-0.795833,0.870833,0.035174
coluna_esfera,96,297,-0.795833,0.879167,0.035595
coluna_esfera,96,298,-0.795833,0.887500,0.035596
coluna_esfera,96,299,-0.795833,0.895833,0.033097
coluna_esfera,96,300,-0.795833,0.904167,0.031736
coluna_esfera,96,301,-0.795833,0.912500,0.033186
coluna_esfera,96,302,-0.795833,0.920833,0.033170
coluna_esfera,96,303,-0.795833,0.929167,0.032222
coluna_esfera,96,304,-0.795833,0.937500,0.030247
coluna_esfera,96,305,-0.795833,0.945833,0.030289
coluna_esfera,96,306,-0.795833,0.954167,0.028270
coluna_esfera,96,307,-0.795833,0.962500,0.027376
coluna_esfera,96,308,-0.795833,0.970833,0.026851
coluna_esfera,96,309,-0.795833,0.979167,0.026835
coluna_esfera,96,310,-0.795833,0.987500,0.027276
coluna_esfera,96,311,-0.795833,0.995833,0.025829
coluna_esfera,96,312,-0.795833,1.004167,0.025864
coluna_esfera,96,313,-0.795833,1.012500,0.024384
coluna_esfera,96,314,-0.795833,1.020833,0.023406
coluna_esfera,96,315,-0.795833,1.029167,0.023915
coluna_esfera,96,316,-0.795833,1.037500,0.023406
coluna_esfera,96,317,-0.795833,1.045833,0.024895
coluna_esfera,96,318,-0.795833,1.054167,0.022869
coluna_esfera,96,319,-0.795833,1.062500,0.020024
coluna_esfera,96,320,-0.795833,1.070833,0.020470
coluna_esfera,96,321,-0.795833,1.079167,0.020002
coluna_esfera,96,322,-0.795833,1.087500,0.019514
coluna_esfera,96,323,-0.795833,1.095833,0.020484
coluna_esfera,96,324,-0.795833,1.104167,0.020510
coluna_esfera,96,325,-0.795833,1.112500,0.018047
coluna_esfera,96,326,-0.795833,1.120833,0.019025
coluna_esfera,96,327,-0.795833,1.129167,0.020975
coluna_esfera,96,328,-0.795833,1.137500,0.017562
coluna_esfera,96,329,-0.795833,1.145833,0.017538
coluna_esfera,96,330,-0.795833,1.154167,0.017957
coluna_esfera,96,331,-0.795833,1.162500,0.018007
coluna_esfera,96,332,-0.795833,1.170833,0.017548
coluna_esfera,96,333,-0.795833,1.179167,0.016083
coluna_esfera,96,334,-0.795833,1.187500,0.016561
coluna_esfera,96,335,-0.795833,1.195833,0.015135
coluna_esfera,96,336,-0.795833,1.204167,0.015602
coluna_esfera,96,337,-0.795833,1.212500,0.014627
coluna_esfera,96,338,-0.795833,1.220833,0.014160
coluna_esfera,96,339,-0.795833,1.229167,0.015110
coluna_esfera,96,340,-0.795833,1.237500,0.014615
coluna_esfera,96,341,-0.795833,1.245833,0.013161
coluna_esfera,96,342,-0.795833,1.254167,0.014624
coluna_esfera,96,343,-0.795833,1.262500,0.013649
coluna_esfera,96,344,-0.795833,1.270833,0.014145
coluna_esfera,96,345,-0.795833,1.279167,0.012200
coluna_esfera,96,346,-0.795833,1.287500,0.013625
coluna_esfera,96,347,-0.795833,1.295833,0.012661
coluna_esfera,96,348,-0.795833,1.304167,0.013650
coluna_esfera,96,349,-0.795833,1.312500,0.013167
coluna_esfera,96,350,-0.795833,1.320833,0.014580
coluna_esfera,96,351,-0.795833,1.329167,0.009257
coluna_esfera,96,352,-0.795833,1.337500,0.011695
coluna_esfera,96,353,-0.795833,1.345833,0.012175
coluna_esfera,96,354,-0.795833,1.354167,0.011707
coluna_esfera,96,355,-0.795833,1.362500,0.011194
coluna_esfera,96,356,-0.795833,1.370833,0.012654
coluna_esfera,96,357,-0.795833,1.379167,0.011706
coluna_esfera,96,358,-0.795833,1.387500,0.011639
coluna_esfera,96,359,-0.795833,1.395833,0.009754
coluna_esfera,96,360,-0.795833,1.404167,0.010215
coluna_esfera,96,361,-0.795833,1.412500,0.008767
coluna_esfera,96,362,-0.795833,1.420833,0.010221
coluna_esfera,96,363,-0.795833,1.429167,0.009264
coluna_esfera,96,364,-0.795833,1.437500,0.009687
coluna_esfera,96,365,-0.795833,1.445833,0.009721
coluna_esfera,96,366,-0.795833,1.454167,0.008259
coluna_esfera,96,367,-0.795833,1.462500,0.009239
coluna_esfera,96,368,-0.795833,1.470833,0.008293
coluna_esfera,96,369,-0.795833,1.479167,0.009162
coluna_esfera,96,370,-0.795833,1.487500,0.008754
coluna_esfera,96,371,-0.795833,1.495833,0.010237
coluna_esfera,96,372,-0.795833,1.504167,0.009247
coluna_esfera,96,373,-0.795833,1.512500,0.008751
coluna_esfera,96,374,-0.795833,1.520833,0.007796
coluna_esfera,96,375,-0.795833,1.529167,0.009732
coluna_esfera,96,376,-0.795833,1.537500,0.008285
coluna_esfera,96,377,-0.795833,1.545833,0.008271
coluna_esfera,96,378,-0.795833,1.554167,0.007792
coluna_esfera,96,379,-0.795833,1.562500,0.007767
coluna_esfera,96,380,-0.795833,1.570833,0.007741
coluna_esfera,96,381,-0.795833,1.579167,0.008756
coluna_esfera,96,382,-0.795833,1.587500,0.006802
coluna_esfera,96,383,-0.795833,1.595833,0.007778
coluna_caixa,288,0,0.804167,-1.595833,0.005295
coluna_caixa,288,1,0.804167,-1.587500,0.005847
coluna_caixa,288,2,0.804167,-1.579167,0.005353
coluna_caixa,288,3,0.804167,-1.570833,0.006330
coluna_caixa,288,4,0.804167,-1.562500,0.005347
coluna_caixa,288,5,0.804167,-1.554167,0.006299
coluna_caixa,288,6,0.804167,-1.545833,0.006319
coluna_caixa,288,7,0.804167,-1.537500,0.005778
coluna_caixa,288,8,0.804167,-1.529167,0.004870
coluna_caixa,288,9,0.804167,-1.520833,0.007292
coluna_caixa,288,10,0.804167,-1.512500,0.006323
coluna_caixa,288,11,0.804167,-1.504167,0.005817
coluna_caixa,288,12,0.804167,-1.495833,0.006333
coluna_caixa,288,13,0.804167,-1.487500,0.005829
coluna_caixa,288,14,0.804167,-1.479167,0.006822
coluna_caixa,288,15,0.804167,-1.470833,0.006789
coluna_caixa,288,16,0.804167,-1.462500,0.008234
coluna_caixa,288,17,0.804167,-1.454167,0.005841
coluna_caixa,288,18,0.804167,-1.445833,0.008750
coluna_caixa,288,19,0.804167,-1.437500,0.008247
coluna_caixa,288,20,0.804167,-1.429167,0.007286
coluna_caixa,288,21,0.804167,-1.420833,0.007293
coluna_caixa,288,22,0.804167,-1.412500,0.007731
coluna_caixa,288,23,0.804167,-1.404167,0.006339
coluna_caixa,288,24,0.804167,-1.395833,0.008747
coluna_caixa,288,25,0.804167,-1.387500,0.008750
coluna_caixa,288,26,0.804167,-1.379167,0.007314
coluna_caixa,288,27,0.804167,-1.370833,0.008760
coluna_caixa,288,28,0.804167,-1.362500,0.007783
coluna_caixa,288,29,0.804167,-1.354167,0.007774
coluna_caixa,288,30,0.804167,-1.345833,0.007751
coluna_caixa,288,31,0.804167,-1.337500,0.008771
coluna_caixa,288,32,0.804167,-1.329167,0.008261
coluna_caixa,288,33,0.804167,-1.320833,0.009249
coluna_caixa,288,34,0.804167,-1.312500,0.009743
coluna_caixa,288,35,0.804167,-1.304167,0.007796
coluna_caixa,288,36,0.804167,-1.295833,0.009675
coluna_caixa,288,37,0.804167,-1.287500,0.009248
coluna_caixa,288,38,0.804167,-1.279167,0.010206
coluna_caixa,288,39,0.804167,-1.270833,0.011216
coluna_caixa,288,40,0.804167,-1.262500,0.009736
coluna_caixa,288,41,0.804167,-1.254167,0.010705
coluna_caixa,288,42,0.804167,-1.245833,0.009730
coluna_caixa,288,43,0.804167,-1.237500,0.010664
coluna_caixa,288,44,0.804167,-1.229167,0.010235
coluna_caixa,288,45,0.804167,-1.220833,0.011686
coluna_caixa,288,46,0.804167,-1.212500,0.010240
coluna_caixa,288,47,0.804167,-1.204167,0.010711
coluna_caixa,288,48,0.804167,-1.195833,0.012165
coluna_caixa,288,49,0.804167,-1.187500,0.011199
coluna_caixa,288,50,0.804167,-1.179167,0.012178
coluna_caixa,288,51,0.804167,-1.170833,0.011217
coluna_caixa,288,52,0.804167,-1.162500,0.011644
coluna_caixa,288,53,0.804167,-1.154167,0.013594
coluna_caixa,288,54,0.804167,-1.145833,0.012668
coluna_caixa,288,55,0.804167,-1.137500,0.013122
coluna_caixa,288,56,0.804167,-1.129167,0.015128
coluna_caixa,288,57,0.804167,-1.120833,0.015095
coluna_caixa,288,58,0.804167,-1.112500,0.012676
coluna_caixa,288,59,0.804167,-1.104167,0.015415
coluna_caixa,288,60,0.804167,-1.095833,0.015580
coluna_caixa,288,61,0.804167,-1.087500,0.015122
coluna_caixa,288,62,0.804167,-1.079167,0.014627
coluna_caixa,288,63,0.804167,-1.070833,0.015614
coluna_caixa,288,64,0.804167,-1.062500,0.015583
coluna_caixa,288,65,0.804167,-1.054167,0.015612
coluna_caixa,288,66,0.804167,-1.045833,0.015124
coluna_caixa,288,67,0.804167,-1.037500,0.017064
coluna_caixa,288,68,0.804167,-1.029167,0.017069
coluna_caixa,288,69,0.804167,-1.020833,0.018044
coluna_caixa,288,70,0.804167,-1.012500,0.018513
coluna_caixa,288,71,0.804167,-1.004167,0.017947
coluna_caixa,288,72,0.804167,-0.995833,0.018550
coluna_caixa,288,73,0.804167,-0.987500,0.019014
coluna_caixa,288,74,0.804167,-0.979167,0.019489
coluna_caixa,288,75,0.804167,-0.970833,0.020485
coluna_caixa,288,76,0.804167,-0.962500,0.020491
coluna_caixa,288,77,0.804167,-0.954167,0.020924
coluna_caixa,288,78,0.804167,-0.945833,0.022941
coluna_caixa,288,79,0.804167,-0.937500,0.020970
coluna_caixa,288,80,0.804167,-0.929167,0.023851
coluna_caixa,288,81,0.804167,-0.920833,0.021916
coluna_caixa,288,82,0.804167,-0.912500,0.023867
coluna_caixa,288,83,0.804167,-0.904167,0.022449
coluna_caixa,288,84,0.804167,-0.895833,0.024860
coluna_caixa,288,85,0.804167,-0.887500,0.025851
coluna_caixa,288,86,0.804167,-0.879167,0.026829
coluna_caixa,288,87,0.804167,-0.870833,0.026837
coluna_caixa,288,88,0.804167,-0.862500,0.029213
coluna_caixa,288,89,0.804167,-0.854167,0.028824
coluna_caixa,288,90,0.804167,-0.845833,0.029218
coluna_caixa,288,91,0.804167,-0.837500,0.030271
coluna_caixa,288,92,0.804167,-0.829167,0.030725
coluna_caixa,288,93,0.804167,-0.820833,0.031714
coluna_caixa,288,94,0.804167,-0.812500,0.032570
coluna_caixa,288,95,0.804167,-0.804167,0.032246
coluna_caixa,288,96,0.804167,-0.795833,0.034174
coluna_caixa,288,97,0.804167,-0.787500,0.037045
coluna_caixa,288,98,0.804167,-0.779167,0.036174
coluna_caixa,288,99,0.804167,-0.770833,0.038455
coluna_caixa,288,100,0.804167,-0.762500,0.039518
coluna_caixa,288,101,0.804167,-0.754167,0.041502
coluna_caixa,288,102,0.804167,-0.745833,0.040525
coluna_caixa,288,103,0.804167,-0.737500,0.041994
coluna_caixa,288,104,0.804167,-0.729167,0.043441
coluna_caixa,288,105,0.804167,-0.720833,0.043942
coluna_caixa,288,106,0.804167,-0.712500,0.044886
coluna_caixa,288,107,0.804167,-0.704167,0.048772
coluna_caixa,288,108,0.804167,-0.695833,0.048873
coluna_caixa,288,109,0.804167,-0.687500,0.051667
coluna_caixa,288,110,0.804167,-0.679167,0.053719
coluna_caixa,288,111,0.804167,-0.670833,0.056173
coluna_caixa,288,112,0.804167,-0.662500,0.057127
coluna_caixa,288,113,0.804167,-0.654167,0.058547
coluna_caixa,288,114,0.804167,-0.645833,0.061474
coluna_caixa,288,115,0.804167,-0.637500,0.063557
coluna_caixa,288,116,0.804167,-0.629167,0.066324
coluna_caixa,288,117,0.804167,-0.620833,0.066985
coluna_caixa,288,118,0.804167,-0.612500,0.069846
coluna_caixa,288,119,0.804167,-0.604167,0.071673
coluna_caixa,288,120,0.804167,-0.595833,0.074660
coluna_caixa,288,121,0.804167,-0.587500,0.078117
coluna_caixa,288,122,0.804167,-0.579167,0.083507
coluna_caixa,288,123,0.804167,-0.570833,0.082040
coluna_caixa,288,124,0.804167,-0.562500,0.087460
coluna_caixa,288,125,0.804167,-0.554167,0.093302
coluna_caixa,288,126,0.804167,-0.545833,0.094612
coluna_caixa,288,127,0.804167,-0.537500,0.098297
coluna_caixa,288,128,0.804167,-0.529167,0.101599
coluna_caixa,288,129,0.804167,-0.520833,0.104576
coluna_caixa,288,130,0.804167,-0.512500,0.111406
coluna_caixa,288,131,0.804167,-0.504167,0.114835
coluna_caixa,288,132,0.804167,-0.495833,0.116787
coluna_caixa,288,133,0.804167,-0.487500,0.124972
coluna_caixa,288,134,0.804167,-0.479167,0.130801
coluna_caixa,288,135,0.804167,-0.470833,0.135882
coluna_caixa,288,136,0.804167,-0.462500,0.141190
coluna_caixa,288,137,0.804167,-0.454167,0.148608
coluna_caixa,288,138,0.804167,-0.445833,0.153388
coluna_caixa,288,139,0.804167,-0.437500,0.158861
coluna_caixa,288,140,0.804167,-0.429167,0.164227
coluna_caixa,288,141,0.804167,-0.420833,0.173060
coluna_caixa,288,142,0.804167,-0.412500,0.177661
coluna_caixa,288,143,0.804167,-0.404167,0.185576
coluna_caixa,288,144,0.804167,-0.395833,0.197527
coluna_caixa,288,145,0.804167,-0.387500,0.203884
coluna_caixa,288,146,0.804167,-0.379167,0.212426
coluna_caixa,288,147,0.804167,-0.370833,0.223050
coluna_caixa,288,148,0.804167,-0.362500,0.232799
coluna_caixa,288,149,0.804167,-0.354167,0.241957
coluna_caixa,288,150,0.804167,-0.345833,0.251984
coluna_caixa,288,151,0.804167,-0.337500,0.264844
coluna_caixa,288,152,0.804167,-0.329167,0.276528
coluna_caixa,288,153,0.804167,-0.320833,0.291567
coluna_caixa,288,154,0.804167,-0.312500,0.298887
coluna_caixa,288,155,0.804167,-0.304167,0.313850
coluna_caixa,288,156,0.804167,-0.295833,0.327528
coluna_caixa,288,157,0.804167,-0.287500,0.342022
coluna_caixa,288,158,0.804167,-0.279167,0.355274
coluna_caixa,288,159,0.804167,-0.270833,0.368791
coluna_caixa,288,160,0.804167,-0.262500,0.382869
coluna_caixa,288,161,0.804167,-0.254167,0.396367
coluna_caixa,288,162,0.804167,-0.245833,0.416988
coluna_caixa,288,163,0.804167,-0.237500,0.428293
coluna_caixa,288,164,0.804167,-0.229167,0.444115
coluna_caixa,288,165,0.804167,-0.220833,0.460927
coluna_caixa,288,166,0.804167,-0.212500,0.474964
coluna_caixa,288,167,0.804167,-0.204167,0.492583
coluna_caixa,288,168,0.804167,-0.195833,1.000000
coluna_caixa,288,169,0.804167,-0.187500,1.000000
coluna_caixa,288,170,0.804167,-0.179167,1.000000
coluna_caixa,288,171,0.804167,-0.170833,1.000000
coluna_caixa,288,172,0.804167,-0.162500,1.000000
coluna_caixa,288,173,0.804167,-0.154167,1.000000
coluna_caixa,288,174,0.804167,-0.145833,1.000000
coluna_caixa,288,175,0.804167,-0.137500,1.000000
coluna_caixa,288,176,0.804167,-0.129167,1.000000
coluna_caixa,288,177,0.804167,-0.120833,1.000000
coluna_caixa,288,178,0.804167,-0.112500,1.000000
coluna_caixa,288,179,0.804167,-0.104167,1.000000
coluna_caixa,288,180,0.804167,-0.095833,1.000000
coluna_caixa,288,181,0.804167,-0.087500,1.000000
coluna_caixa,288,182,0.804167,-0.079167,1.000000
coluna_caixa,288,183,0.804167,-0.070833,1.000000
coluna_caixa,288,184,0.804167,-0.062500,1.000000
coluna_caixa,288,185,0.804167,-0.054167,1.000000
coluna_caixa,288,186,0.804167,-0.045833,1.000000
coluna_caixa,288,187,0.804167,-0.037500,1.000000
coluna_caixa,288,188,0.804167,-0.029167,1.000000
coluna_caixa,288,189,0.804167,-0.020833,1.000000
coluna_caixa,288,190,0.804167,-0.012500,1.000000
coluna_caixa,288,191,0.804167,-0.004167,1.000000
coluna_caixa,288,192,0.804167,0.004167,1.000000
coluna_caixa,288,193,0.804167,0.012500,1.000000
coluna_caixa,288,194,0.804167,0.020833,1.000000
coluna_caixa,288,195,0.804167,0.029167,1.000000
coluna_caixa,288,196,0.804167,0.037500,1.000000
coluna_caixa,288,197,0.804167,0.045833,1.000000
coluna_caixa,288,198,0.804167,0.054167,1.000000
coluna_caixa,288,199,0.804167,0.062500,1.000000
coluna_caixa,288,200,0.804167,0.070833,1.000000
coluna_caixa,288,201,0.804167,0.079167,1.000000
coluna_caixa,288,202,0.804167,0.087500,1.000000
coluna_caixa,288,203,0.804167,0.095833,1.000000
coluna_caixa,288,204,0.804167,0.104167,1.000000
coluna_caixa,288,205,0.804167,0.112500,1.000000
coluna_caixa,288,206,0.804167,0.120833,1.000000
coluna_caixa,288,207,0.804167,0.129167,1.000000
coluna_caixa,288,208,0.804167,0.137500,1.000000
coluna_caixa,288,209,0.804167,0.145833,1.000000
coluna_caixa,288,210,0.804167,0.154167,1.000000
coluna_caixa,288,211,0.804167,0.162500,1.000000
coluna_caixa,288,212,0.804167,0.170833,1.000000
coluna_caixa,288,213,0.804167,0.179167,1.000000
coluna_caixa,288,214,0.804167,0.187500,1.000000
coluna_caixa,288,215,0.804167,0.195833,1.000000
coluna_caixa,288,216,0.804167,0.204167,0.494054
coluna_caixa,288,217,0.804167,0.212500,0.475715
coluna_caixa,288,218,0.804167,0.220833,0.461680
coluna_caixa,288,219,0.804167,0.229167,0.448008
coluna_caixa,288,220,0.804167,0.237500,0.431951
coluna_caixa,288,221,0.804167,0.245833,0.412875
coluna_caixa,288,222,0.804167,0.254167,0.401357
coluna_caixa,288,223,0.804167,0.262500,0.383790
coluna_caixa,288,224,0.804167,0.270833,0.371468
coluna_caixa,288,225,0.804167,0.279167,0.356256
coluna_caixa,288,226,0.804167,0.287500,0.336641
coluna_caixa,288,227,0.804167,0.295833,0.327682
coluna_caixa,288,228,0.804167,0.304167,0.312636
coluna_caixa,288,229,0.804167,0.312500,0.300373
coluna_caixa,288,230,0.804167,0.320833,0.287043
coluna_caixa,288,231,0.804167,0.329167,0.276880
coluna_caixa,288,232,0.804167,0.337500,0.263381
coluna_caixa,288,233,0.804167,0.345833,0.252390
coluna_caixa,288,234,0.804167,0.354167,0.247967
coluna_caixa,288,235,0.804167,0.362500,0.229861
coluna_caixa,288,236,0.804167,0.370833,0.220351
coluna_caixa,288,237,0.804167,0.379167,0.215530
coluna_caixa,288,238,0.804167,0.387500,0.204415
coluna_caixa,288,239,0.804167,0.395833,0.197354
coluna_caixa,288,240,0.804167,0.404167,0.187849
coluna_caixa,288,241,0.804167,0.412500,0.179702
coluna_caixa,288,242,0.804167,0.420833,0.172566
coluna_caixa,288,243,0.804167,0.429167,0.164216
coluna_caixa,288,244,0.804167,0.437500,0.160392
coluna_caixa,288,245,0.804167,0.445833,0.152171
coluna_caixa,288,246,0.804167,0.454167,0.146148
coluna_caixa,288,247,0.804167,0.462500,0.144038
coluna_caixa,288,248,0.804167,0.470833,0.134489
coluna_caixa,288,249,0.804167,0.479167,0.128669
coluna_caixa,288,250,0.804167,0.487500,0.123118
coluna_caixa,288,251,0.804167,0.495833,0.119678
coluna_caixa,288,252,0.804167,0.504167,0.115416
coluna_caixa,288,253,0.804167,0.512500,0.109313
coluna_caixa,288,254,0.804167,0.520833,0.108000
coluna_caixa,288,255,0.804167,0.529167,0.102940
coluna_caixa,288,256,0.804167,0.537500,0.098657
coluna_caixa,288,257,0.804167,0.545833,0.094803
coluna_caixa,288,258,0.804167,0.554167,0.092723
coluna_caixa,288,259,0.804167,0.562500,0.087883
coluna_caixa,288,260,0.804167,0.570833,0.083534
coluna_caixa,288,261,0.804167,0.579167,0.080600
coluna_caixa,288,262,0.804167,0.587500,0.079704
coluna_caixa,288,263,0.804167,0.595833,0.076289
coluna_caixa,288,264,0.804167,0.604167,0.073277
coluna_caixa,288,265,0.804167,0.612500,0.070794
coluna_caixa,288,266,0.804167,0.620833,0.065965
coluna_caixa,288,267,0.804167,0.629167,0.065813
coluna_caixa,288,268,0.804167,0.637500,0.062997
coluna_caixa,288,269,0.804167,0.645833,0.061515
coluna_caixa,288,270,0.804167,0.654167,0.060565
coluna_caixa,288,271,0.804167,0.662500,0.055106
coluna_caixa,288,272,0.804167,0.670833,0.055204
coluna_caixa,288,273,0.804167,0.679167,0.054134
coluna_caixa,288,274,0.804167,0.687500,0.051242
coluna_caixa,288,275,0.804167,0.695833,0.050293
coluna_caixa,288,276,0.804167,0.704167,0.049738
coluna_caixa,288,277,0.804167,0.712500,0.046866
coluna_caixa,288,278,0.804167,0.720833,0.044415
coluna_caixa,288,279,0.804167,0.729167,0.043455
coluna_caixa,288,280,0.804167,0.737500,0.042935
coluna_caixa,288,281,0.804167,0.745833,0.041018
coluna_caixa,288,282,0.804167,0.754167,0.040983
coluna_caixa,288,283,0.804167,0.762500,0.039559
coluna_caixa,288,284,0.804167,0.770833,0.039021
coluna_caixa,288,285,0.804167,0.779167,0.036563
coluna_caixa,288,286,0.804167,0.787500,0.036090
coluna_caixa,288,287,0.804167,0.795833,0.035573
coluna_caixa,288,288,0.804167,0.804167,0.033135
coluna_caixa,288,289,0.804167,0.812500,0.035114
coluna_caixa,288,290,0.804167,0.820833,0.031222
coluna_caixa,288,291,0.804167,0.829167,0.032180
coluna_caixa,288,292,0.804167,0.837500,0.030750
coluna_caixa,288,293,0.804167,0.845833,0.030736
coluna_caixa,288,294,0.804167,0.854167,0.028240
coluna_caixa,288,295,0.804167,0.862500,0.028799
coluna_caixa,288,296,0.804167,0.870833,0.028309
coluna_caixa,288,297,0.804167,0.879167,0.025366
coluna_caixa,288,298,0.804167,0.887500,0.025813
coluna_caixa,288,299,0.804167,0.895833,0.025901
coluna_caixa,288,300,0.804167,0.904167,0.023782
coluna_caixa,288,301,0.804167,0.912500,0.024391
coluna_caixa,288,302,0.804167,0.920833,0.023908
coluna_caixa,288,303,0.804167,0.929167,0.021451
coluna_caixa,288,304,0.804167,0.937500,0.022425
coluna_caixa,288,305,0.804167,0.945833,0.021444
coluna_caixa,288,306,0.804167,0.954167,0.020505
coluna_caixa,288,307,0.804167,0.962500,0.021426
coluna_caixa,288,308,0.804167,0.970833,0.019529
coluna_caixa,288,309,0.804167,0.979167,0.020495
coluna_caixa,288,310,0.804167,0.987500,0.018526
coluna_caixa,288,311,0.804167,0.995833,0.018038
coluna_caixa,288,312,0.804167,1.004167,0.017452
coluna_caixa,288,313,0.804167,1.012500,0.016600
coluna_caixa,288,314,0.804167,1.020833,0.018010
coluna_caixa,288,315,0.804167,1.029167,0.017566
coluna_caixa,288,316,0.804167,1.037500,0.017535
coluna_caixa,288,317,0.804167,1.045833,0.016576
coluna_caixa,288,318,0.804167,1.054167,0.017485
coluna_caixa,288,319,0.804167,1.062500,0.016552
coluna_caixa,288,320,0.804167,1.070833,0.017513
coluna_caixa,288,321,0.804167,1.079167,0.015585
coluna_caixa,288,322,0.804167,1.087500,0.014604
coluna_caixa,288,323,0.804167,1.095833,0.014602
coluna_caixa,288,324,0.804167,1.104167,0.014580
coluna_caixa,288,325,0.804167,1.112500,0.014134
coluna_caixa,288,326,0.804167,1.120833,0.013634
coluna_caixa,288,327,0.804167,1.129167,0.013154
coluna_caixa,288,328,0.804167,1.137500,0.012189
coluna_caixa,288,329,0.804167,1.145833,0.013145
coluna_caixa,288,330,0.804167,1.154167,0.013118
coluna_caixa,288,331,0.804167,1.162500,0.012154
coluna_caixa,288,332,0.804167,1.170833,0.013157
coluna_caixa,288,333,0.804167,1.179167,0.012167
coluna_caixa,288,334,0.804167,1.187500,0.011181
coluna_caixa,288,335,0.804167,1.195833,0.011221
coluna_caixa,288,336,0.804167,1.204167,0.012178
coluna_caixa,288,337,0.804167,1.212500,0.011199
coluna_caixa,288,338,0.804167,1.220833,0.010692
coluna_caixa,288,339,0.804167,1.229167,0.010231
coluna_caixa,288,340,0.804167,1.237500,0.010735
coluna_caixa,288,341,0.804167,1.245833,0.010224
coluna_caixa,288,342,0.804167,1.254167,0.010714
coluna_caixa,288,343,0.804167,1.262500,0.009242
coluna_caixa,288,344,0.804167,1.270833,0.010247
coluna_caixa,288,345,0.804167,1.279167,0.009743
coluna_caixa,288,346,0.804167,1.287500,0.009735
coluna_caixa,288,347,0.804167,1.295833,0.010144
coluna_caixa,288,348,0.804167,1.304167,0.009237
coluna_caixa,288,349,0.804167,1.312500,0.008283
coluna_caixa,288,350,0.804167,1.320833,0.010226
coluna_caixa,288,351,0.804167,1.329167,0.008281
coluna_caixa,288,352,0.804167,1.337500,0.009706
coluna_caixa,288,353,0.804167,1.345833,0.008756
coluna_caixa,288,354,0.804167,1.354167,0.007770
coluna_caixa,288,355,0.804167,1.362500,0.008242
coluna_caixa,288,356,0.804167,1.370833,0.007791
coluna_caixa,288,357,0.804167,1.379167,0.007790
coluna_caixa,288,358,0.804167,1.387500,0.008251
coluna_caixa,288,359,0.804167,1.395833,0.008240
coluna_caixa,288,360,0.804167,1.404167,0.007289
coluna_caixa,288,361,0.804167,1.412500,0.006816
coluna_caixa,288,362,0.804167,1.420833,0.007306
coluna_caixa,288,363,0.804167,1.429167,0.007282
coluna_caixa,288,364,0.804167,1.437500,0.005831
coluna_caixa,288,365,0.804167,1.445833,0.008279
coluna_caixa,288,366,0.804167,1.454167,0.007304
coluna_caixa,288,367,0.804167,1.462500,0.006815
coluna_caixa,288,368,0.804167,1.470833,0.006825
coluna_caixa,288,369,0.804167,1.479167,0.006763
coluna_caixa,288,370,0.804167,1.487500,0.006324
coluna_caixa,288,371,0.804167,1.495833,0.005848
coluna_caixa,288,372,0.804167,1.504167,0.006330
coluna_caixa,288,373,0.804167,1.512500,0.006310
coluna_caixa,288,374,0.804167,1.520833,0.006336
coluna_caixa,288,375,0.804167,1.529167,0.005352
coluna_caixa,288,376,0.804167,1.537500,0.006333
coluna_caixa,288,377,0.804167,1.545833,0.005832
coluna_caixa,288,378,0.804167,1.554167,0.005843
coluna_caixa,288,379,0.804167,1.562500,0.005358
coluna_caixa,288,380,0.804167,1.570833,0.005840
coluna_caixa,288,381,0.804167,1.579167,0.004875
coluna_caixa,288,382,0.804167,1.587500,0.005742
coluna_caixa,288,383,0.804167,1.595833,0.004866
diagonal_caixa,192,96,0.004167,-0.795833,0.026869
diagonal_caixa,193,97,0.012500,-0.787500,0.027303
diagonal_caixa,194,98,0.020833,-0.779167,0.029243
diagonal_caixa,195,99,0.029167,-0.770833,0.027751
diagonal_caixa,196,100,0.037500,-0.762500,0.027325
diagonal_caixa,197,101,0.045833,-0.754167,0.031626
diagonal_caixa,198,102,0.054167,-0.745833,0.028314
diagonal_caixa,199,103,0.062500,-0.737500,0.029721
diagonal_caixa,200,104,0.070833,-0.729167,0.030698
diagonal_caixa,201,105,0.079167,-0.720833,0.030491
diagonal_caixa,202,106,0.087500,-0.712500,0.031731
diagonal_caixa,203,107,0.095833,-0.704167,0.030744
diagonal_caixa,204,108,0.104167,-0.695833,0.032695
diagonal_caixa,205,109,0.112500,-0.687500,0.032667
diagonal_caixa,206,110,0.120833,-0.679167,0.033647
diagonal_caixa,207,111,0.129167,-0.670833,0.035146
diagonal_caixa,208,112,0.137500,-0.662500,0.034011
diagonal_caixa,209,113,0.145833,-0.654167,0.035601
diagonal_caixa,210,114,0.154167,-0.645833,0.037553
diagonal_caixa,211,115,0.162500,-0.637500,0.036601
diagonal_caixa,212,116,0.170833,-0.629167,0.036137
diagonal_caixa,213,117,0.179167,-0.620833,0.036544
diagonal_caixa,214,118,0.187500,-0.612500,0.037571
diagonal_caixa,215,119,0.195833,-0.604167,0.040017
diagonal_caixa,216,120,0.204167,-0.595833,0.040502
diagonal_caixa,217,121,0.212500,-0.587500,0.042457
diagonal_caixa,218,122,0.220833,-0.579167,0.040051
diagonal_caixa,219,123,0.229167,-0.570833,0.042027
diagonal_caixa,220,124,0.237500,-0.562500,0.043370
diagonal_caixa,221,125,0.245833,-0.554167,0.043904
diagonal_caixa,222,126,0.254167,-0.545833,0.046186
diagonal_caixa,223,127,0.262500,-0.537500,0.049760
diagonal_caixa,224,128,0.270833,-0.529167,0.050221
diagonal_caixa,225,129,0.279167,-0.520833,0.048878
diagonal_caixa,226,130,0.287500,-0.512500,0.050336
diagonal_caixa,227,131,0.295833,-0.504167,0.054681
diagonal_caixa,228,132,0.304167,-0.495833,0.054133
diagonal_caixa,229,133,0.312500,-0.487500,0.056225
diagonal_caixa,230,134,0.320833,-0.479167,0.059067
diagonal_caixa,231,135,0.329167,-0.470833,0.062018
diagonal_caixa,232,136,0.337500,-0.462500,0.060993
diagonal_caixa,233,137,0.345833,-0.454167,0.064038
diagonal_caixa,234,138,0.354167,-0.445833,0.068845
diagonal_caixa,235,139,0.362500,-0.437500,0.071289
diagonal_caixa,236,140,0.370833,-0.429167,0.073283
diagonal_caixa,237,141,0.379167,-0.420833,0.079102
diagonal_caixa,238,142,0.387500,-0.412500,0.078527
diagonal_caixa,239,143,0.395833,-0.404167,0.084854
diagonal_caixa,240,144,0.404167,-0.395833,0.088829
diagonal_caixa,241,145,0.412500,-0.387500,0.088327
diagonal_caixa,242,146,0.420833,-0.379167,0.093750
diagonal_caixa,243,147,0.429167,-0.370833,0.096866
diagonal_caixa,244,148,0.437500,-0.362500,0.102585
diagonal_caixa,245,149,0.445833,-0.354167,0.106877
diagonal_caixa,246,150,0.454167,-0.345833,0.113349
diagonal_caixa,247,151,0.462500,-0.337500,0.116309
diagonal_caixa,248,152,0.470833,-0.329167,0.121699
diagonal_caixa,249,153,0.479167,-0.320833,0.130993
diagonal_caixa,250,154,0.487500,-0.312500,0.134275
diagonal_caixa,251,155,0.495833,-0.304167,0.142844
diagonal_caixa,252,156,0.504167,-0.295833,0.149953
diagonal_caixa,253,157,0.512500,-0.287500,0.158376
diagonal_caixa,254,158,0.520833,-0.279167,0.161315
diagonal_caixa,255,159,0.529167,-0.270833,0.170731
diagonal_caixa,256,160,0.537500,-0.262500,0.179039
diagonal_caixa,257,161,0.545833,-0.254167,0.191750
diagonal_caixa,258,162,0.554167,-0.245833,0.196896
diagonal_caixa,259,163,0.562500,-0.237500,0.207466
diagonal_caixa,260,164,0.570833,-0.229167,0.221333
diagonal_caixa,261,165,0.579167,-0.220833,0.226363
diagonal_caixa,262,166,0.587500,-0.212500,0.241437
diagonal_caixa,263,167,0.595833,-0.204167,0.253312
diagonal_caixa,264,168,0.604167,-0.195833,1.000000
diagonal_caixa,265,169,0.612500,-0.187500,1.000000
diagonal_caixa,266,170,0.620833,-0.179167,1.000000
diagonal_caixa,267,171,0.629167,-0.170833,1.000000
diagonal_caixa,268,172,0.637500,-0.162500,1.000000
diagonal_caixa,269,173,0.645833,-0.154167,1.000000
diagonal_caixa,270,174,0.654167,-0.145833,1.000000
diagonal_caixa,271,175,0.662500,-0.137500,1.000000
diagonal_caixa,272,176,0.670833,-0.129167,1.000000
diagonal_caixa,273,177,0.679167,-0.120833,1.000000
diagonal_caixa,274,178,0.687500,-0.112500,1.000000
diagonal_caixa,275,179,0.695833,-0.104167,1.000000
diagonal_caixa,276,180,0.704167,-0.095833,1.000000
diagonal_caixa,277,181,0.712500,-0.087500,1.000000
diagonal_caixa,278,182,0.720833,-0.079167,1.000000
diagonal_caixa,279,183,0.729167,-0.070833,1.000000
diagonal_caixa,280,184,0.737500,-0.062500,1.000000
diagonal_caixa,281,185,0.745833,-0.054167,1.000000
diagonal_caixa,282,186,0.754167,-0.045833,1.000000
diagonal_caixa,283,187,0.762500,-0.037500,1.000000
diagonal_caixa,284,188,0.770833,-0.029167,1.000000
diagonal_caixa,285,189,0.779167,-0.020833,1.000000
diagonal_caixa,286,190,0.787500,-0.012500,1.000000
diagonal_caixa,287,191,0.795833,-0.004167,1.000000
diagonal_caixa,288,192,0.804167,0.004167,1.000000
diagonal_caixa,289,193,0.812500,0.012500,1.000000
diagonal_caixa,290,194,0.820833,0.020833,1.000000
diagonal_caixa,291,195,0.829167,0.029167,1.000000
diagonal_caixa,292,196,0.837500,0.037500,1.000000
diagonal_caixa,293,197,0.845833,0.045833,1.000000
diagonal_caixa,294,198,0.854167,0.054167,1.000000
diagonal_caixa,295,199,0.862500,0.062500,1.000000
diagonal_caixa,296,200,0.870833,0.070833,1.000000
diagonal_caixa,297,201,0.879167,0.079167,1.000000
diagonal_caixa,298,202,0.887500,0.087500,1.000000
diagonal_caixa,299,203,0.895833,0.095833,1.000000
diagonal_caixa,300,204,0.904167,0.104167,1.000000
diagonal_caixa,301,205,0.912500,0.112500,1.000000
diagonal_caixa,302,206,0.920833,0.120833,1.000000
diagonal_caixa,303,207,0.929167,0.129167,1.000000
diagonal_caixa,304,208,0.937500,0.137500,1.000000
diagonal_caixa,305,209,0.945833,0.145833,1.000000
diagonal_caixa,306,210,0.954167,0.154167,1.000000
diagonal_caixa,307,211,0.962500,0.162500,1.000000
diagonal_caixa,308,212,0.970833,0.170833,1.000000
diagonal_caixa,309,213,0.979167,0.179167,1.000000
diagonal_caixa,310,214,0.987500,0.187500,1.000000
diagonal_caixa,311,215,0.995833,0.195833,1.000000
diagonal_caixa,312,216,1.004167,0.204167,0.245377
diagonal_caixa,313,217,1.012500,0.212500,0.230814
diagonal_caixa,314,218,1.020833,0.220833,0.219321
diagonal_caixa,315,219,1.029167,0.229167,0.211356
diagonal_caixa,316,220,1.037500,0.237500,0.199641
diagonal_caixa,317,221,1.045833,0.245833,0.190357
diagonal_caixa,318,222,1.054167,0.254167,0.183937
diagonal_caixa,319,223,1.062500,0.262500,0.175925
diagonal_caixa,320,224,1.070833,0.270833,0.165074
diagonal_caixa,321,225,1.079167,0.279167,0.155105
diagonal_caixa,322,226,1.087500,0.287500,0.149681
diagonal_caixa,323,227,1.095833,0.295833,0.140327
diagonal_caixa,324,228,1.104167,0.304167,0.132885
diagonal_caixa,325,229,1.112500,0.312500,0.126575
diagonal_caixa,326,230,1.120833,0.320833,0.119747
diagonal_caixa,327,231,1.129167,0.329167,0.115344
diagonal_caixa,328,232,1.137500,0.337500,0.110452
diagonal_caixa,329,233,1.145833,0.345833,0.106051
diagonal_caixa,330,234,1.154167,0.354167,0.101640
diagonal_caixa,331,235,1.162500,0.362500,0.095320
diagonal_caixa,332,236,1.170833,0.370833,0.089896
diagonal_caixa,333,237,1.179167,0.379167,0.084031
diagonal_caixa,334,238,1.187500,0.387500,0.081595
diagonal_caixa,335,239,1.195833,0.395833,0.080524
diagonal_caixa,336,240,1.204167,0.404167,0.073715
diagonal_caixa,337,241,1.212500,0.412500,0.071761
diagonal_caixa,338,242,1.220833,0.420833,0.067390
diagonal_caixa,339,243,1.229167,0.429167,0.063979
diagonal_caixa,340,244,1.237500,0.437500,0.061588
diagonal_caixa,341,245,1.245833,0.445833,0.059176
diagonal_caixa,342,246,1.254167,0.454167,0.057609
diagonal_caixa,343,247,1.262500,0.462500,0.050804
diagonal_caixa,344,248,1.270833,0.470833,0.051701
diagonal_caixa,345,249,1.279167,0.479167,0.049357
diagonal_caixa,346,250,1.287500,0.487500,0.047838
diagonal_caixa,347,251,1.295833,0.495833,0.044381
diagonal_caixa,348,252,1.304167,0.504167,0.041987
diagonal_caixa,349,253,1.312500,0.512500,0.042430
diagonal_caixa,350,254,1.320833,0.520833,0.040507
diagonal_caixa,351,255,1.329167,0.529167,0.037102
diagonal_caixa,352,256,1.337500,0.537500,0.039048
diagonal_caixa,353,257,1.345833,0.545833,0.036573
diagonal_caixa,354,258,1.354167,0.554167,0.035180
diagonal_caixa,355,259,1.362500,0.562500,0.029768
diagonal_caixa,356,260,1.370833,0.570833,0.030236
diagonal_caixa,357,261,1.379167,0.579167,0.031653
diagonal_caixa,358,262,1.387500,0.587500,0.026860
diagonal_caixa,359,263,1.395833,0.595833,0.026794
diagonal_caixa,360,264,1.404167,0.604167,0.025797
diagonal_caixa,361,265,1.412500,0.612500,0.026841
diagonal_caixa,362,266,1.420833,0.620833,0.023881
diagonal_caixa,363,267,1.429167,0.629167,0.024385
diagonal_caixa,364,268,1.437500,0.637500,0.023407
diagonal_caixa,365,269,1.445833,0.645833,0.022452
diagonal_caixa,366,270,1.454167,0.654167,0.022913
diagonal_caixa,367,271,1.462500,0.662500,0.021449
diagonal_caixa,368,272,1.470833,0.670833,0.020966
diagonal_caixa,369,273,1.479167,0.679167,0.018970
diagonal_caixa,370,274,1.487500,0.687500,0.019953
diagonal_caixa,371,275,1.495833,0.695833,0.017564
diagonal_caixa,372,276,1.504167,0.704167,0.017482
diagonal_caixa,373,277,1.512500,0.712500,0.018025
diagonal_caixa,374,278,1.520833,0.720833,0.016091
diagonal_caixa,375,279,1.529167,0.729167,0.016559
diagonal_caixa,376,280,1.537500,0.737500,0.016592
diagonal_caixa,377,281,1.545833,0.745833,0.015610
diagonal_caixa,378,282,1.554167,0.754167,0.013628
diagonal_caixa,379,283,1.562500,0.762500,0.015602
diagonal_caixa,380,284,1.570833,0.770833,0.013621
diagonal_caixa,381,285,1.579167,0.779167,0.014121
diagonal_caixa,382,286,1.587500,0.787500,0.012685
diagonal_caixa,383,287,1.595833,0.795833,0.013603
