# ORÁCULO: Blender 5.2.2 LTS Cycles CPU, sem denoise, filtro 0,01 px, {'difusa': 2048, 'espelho': 64} amostras, ortográfica 96x96 escala 2.2, esfera r=1, branca.
# Gerado por docs/3DModeling/ferramentas/oraculo_ceu_blender.py — NÃO editar à mão.
# Céus: os EXR do Blender (Poly Haven, CC0). Normal em Y-para-cima: (x, z, -y) do Blender.
# difusa: rgb = E(n)/pi · espelho: rgb = L(reflexo de -vista em n), vista = (0, 0, 1).
ceu,tipo,nx,ny,nz,r,g,b
forest,difusa,-0.3552083,-0.8135417,0.4604096,0.1827094,0.1684775,0.1443986
forest,difusa,-0.2406250,-0.8135417,0.5293860,0.1769964,0.1613887,0.1365035
forest,difusa,-0.1260417,-0.8135417,0.5676825,0.1714613,0.1549673,0.1284566
forest,difusa,-0.0114583,-0.8135417,0.5813937,0.2010305,0.1774839,0.1393982
forest,difusa,0.1031250,-0.8135417,0.5722894,0.2632914,0.227596,0.1723016
forest,difusa,0.2177083,-0.8135417,0.5392152,0.3314903,0.2836846,0.2120102
forest,difusa,0.3322917,-0.8135417,0.4772130,0.3888613,0.3317752,0.2455052
forest,difusa,-0.5843750,-0.6989583,0.4122658,0.2349574,0.228376,0.2156875
forest,difusa,-0.4697917,-0.6989583,0.5392152,0.2429267,0.23644,0.2287621
forest,difusa,-0.3552083,-0.6989583,0.6207127,0.2382563,0.2315838,0.2249405
forest,difusa,-0.2406250,-0.6989583,0.6734663,0.2313289,0.2244984,0.2148643
forest,difusa,-0.1260417,-0.6989583,0.7039679,0.2719952,0.2548717,0.2300938
forest,difusa,-0.0114583,-0.6989583,0.7150706,0.3373874,0.3068317,0.2614586
forest,difusa,0.1031250,-0.6989583,0.7076881,0.4075975,0.3617378,0.2937914
forest,difusa,0.2177083,-0.6989583,0.6812197,0.4765967,0.4170673,0.3263845
forest,difusa,0.3322917,-0.6989583,0.6332768,0.5461315,0.4750421,0.3675267
forest,difusa,0.4468750,-0.6989583,0.5583547,0.591863,0.5143039,0.3926757
forest,difusa,0.5614583,-0.6989583,0.4429693,0.6279524,0.5431689,0.4129193
forest,difusa,-0.6989583,-0.5843750,0.4122658,0.2860638,0.2880477,0.2898125
forest,difusa,-0.5843750,-0.5843750,0.5630379,0.2950729,0.2979187,0.3093318
forest,difusa,-0.4697917,-0.5843750,0.6616658,0.2971036,0.3021938,0.3156551
forest,difusa,-0.3552083,-0.5843750,0.7296115,0.3011437,0.3050561,0.3197461
forest,difusa,-0.2406250,-0.5843750,0.7749874,0.341517,0.3387229,0.3433785
forest,difusa,-0.1260417,-0.5843750,0.8016354,0.4087386,0.391108,0.3737703
forest,difusa,-0.0114583,-0.5843750,0.8114028,0.4874845,0.453858,0.4143935
forest,difusa,0.1031250,-0.5843750,0.8049044,0.5643216,0.513972,0.4469602
forest,difusa,0.2177083,-0.5843750,0.7817346,0.6298614,0.5659274,0.4732154
forest,difusa,0.3322917,-0.5843750,0.7403297,0.6864042,0.6109416,0.4978187
forest,difusa,0.4468750,-0.5843750,0.6773541,0.7458096,0.6566513,0.5191195
forest,difusa,0.5614583,-0.5843750,0.5858928,0.7811236,0.6851138,0.5344415
forest,difusa,0.6760417,-0.5843750,0.4488580,0.8050548,0.7049623,0.5473455
forest,difusa,-0.6989583,-0.4697917,0.5392152,0.3460428,0.359114,0.3849077
forest,difusa,-0.5843750,-0.4697917,0.6616658,0.3605805,0.3755312,0.4101929
forest,difusa,-0.4697917,-0.4697917,0.7473898,0.3744938,0.3902527,0.4301857
forest,difusa,-0.3552083,-0.4697917,0.8081602,0.4014265,0.4123075,0.4474092
forest,difusa,-0.2406250,-0.4697917,0.8493500,0.4693403,0.4681543,0.4888758
forest,difusa,-0.1260417,-0.4697917,0.8737330,0.5644101,0.5479515,0.5469254
forest,difusa,-0.0114583,-0.4697917,0.8827029,0.6366645,0.6046458,0.5770205
forest,difusa,0.1031250,-0.4697917,0.8767332,0.7214342,0.6712732,0.6143562
forest,difusa,0.2177083,-0.4697917,0.8555109,0.7800921,0.7152856,0.6309248
forest,difusa,0.3322917,-0.4697917,0.8178496,0.8407806,0.7626368,0.6536183
forest,difusa,0.4468750,-0.4697917,0.7613137,0.8936412,0.7998431,0.6632409
forest,difusa,0.5614583,-0.4697917,0.6812197,0.9144232,0.8154048,0.6626508
forest,difusa,0.6760417,-0.4697917,0.5676825,0.956852,0.8480621,0.6801785
forest,difusa,0.7906250,-0.4697917,0.3926931,0.9426441,0.8372801,0.6676475
forest,difusa,-0.8135417,-0.3552083,0.4604096,0.3963547,0.4208294,0.4648474
forest,difusa,-0.6989583,-0.3552083,0.6207127,0.4113744,0.4364982,0.49109
forest,difusa,-0.5843750,-0.3552083,0.7296115,0.4316203,0.4573271,0.5193436
forest,difusa,-0.4697917,-0.3552083,0.8081602,0.4658486,0.490892,0.5543205
forest,difusa,-0.3552083,-0.3552083,0.8646699,0.5284908,0.5461877,0.6049389
forest,difusa,-0.2406250,-0.3552083,0.9032866,0.6220054,0.6249985,0.6653003
forest,difusa,-0.1260417,-0.3552083,0.9262508,0.6999479,0.685639,0.6990668
forest,difusa,-0.0114583,-0.3552083,0.9347169,0.7851729,0.7545829,0.7446602
forest,difusa,0.1031250,-0.3552083,0.9290814,0.8605881,0.8141759,0.7730749
forest,difusa,0.2177083,-0.3552083,0.9090820,0.9282379,0.8642649,0.7947416
forest,difusa,0.3322917,-0.3552083,0.8737330,0.9929642,0.9140559,0.8166373
forest,difusa,0.4468750,-0.3552083,0.8210541,1.040414,0.9488378,0.8252308
forest,difusa,0.5614583,-0.3552083,0.7473898,1.081702,0.9807004,0.8362409
forest,difusa,0.6760417,-0.3552083,0.6455964,1.099609,0.9924712,0.8293728
forest,difusa,0.7906250,-0.3552083,0.4987376,1.102404,0.9903535,0.8156545
forest,difusa,-0.8135417,-0.2406250,0.5293860,0.4586948,0.4942434,0.5629485
forest,difusa,-0.6989583,-0.2406250,0.6734663,0.4835798,0.5226835,0.6090625
forest,difusa,-0.5843750,-0.2406250,0.7749874,0.5196132,0.558717,0.6520122
forest,difusa,-0.4697917,-0.2406250,0.8493500,0.5662223,0.6004184,0.6891403
forest,difusa,-0.3552083,-0.2406250,0.9032866,0.6537125,0.6784723,0.7588484
forest,difusa,-0.2406250,-0.2406250,0.9403187,0.7475989,0.754365,0.8119575
forest,difusa,-0.1260417,-0.2406250,0.9623997,0.8466863,0.8379032,0.872598
forest,difusa,-0.0114583,-0.2406250,0.9705505,0.9232585,0.8964595,0.9028967
forest,difusa,0.1031250,-0.2406250,0.9651243,1.003248,0.9605677,0.9423812
forest,difusa,0.2177083,-0.2406250,0.9458873,1.075376,1.016596,0.9700582
forest,difusa,0.3322917,-0.2406250,0.9119659,1.130468,1.059019,0.9869789
forest,difusa,0.4468750,-0.2406250,0.8616277,1.176428,1.091775,0.9933829
forest,difusa,0.5614583,-0.2406250,0.7917475,1.23192,1.131475,1.002345
forest,difusa,0.6760417,-0.2406250,0.6964677,1.253785,1.146741,1.000417
forest,difusa,0.7906250,-0.2406250,0.5630379,1.260943,1.14936,0.9838672
forest,difusa,-0.8135417,-0.1260417,0.5676825,0.5315017,0.5822797,0.6836509
forest,difusa,-0.6989583,-0.1260417,0.7039679,0.5660307,0.6167271,0.7310848
forest,difusa,-0.5843750,-0.1260417,0.8016354,0.5961742,0.6460016,0.7650829
forest,difusa,-0.4697917,-0.1260417,0.8737330,0.6833181,0.7277561,0.8483808
forest,difusa,-0.3552083,-0.1260417,0.9262508,0.7654317,0.7955087,0.8967554
forest,difusa,-0.2406250,-0.1260417,0.9623997,0.8686195,0.8836568,0.966771
forest,difusa,-0.1260417,-0.1260417,0.9839853,0.9686501,0.9662524,1.022014
forest,difusa,-0.0114583,-0.1260417,0.9919588,1.063829,1.043289,1.074154
forest,difusa,0.1031250,-0.1260417,0.9866503,1.141847,1.104976,1.105562
forest,difusa,0.2177083,-0.1260417,0.9678412,1.209332,1.158085,1.134024
forest,difusa,0.3322917,-0.1260417,0.9347169,1.287277,1.221131,1.172615
forest,difusa,0.4468750,-0.1260417,0.8856728,1.31897,1.241292,1.16343
forest,difusa,0.5614583,-0.1260417,0.8178496,1.368852,1.278116,1.175485
forest,difusa,0.6760417,-0.1260417,0.7260036,1.397613,1.296411,1.170798
forest,difusa,0.7906250,-0.1260417,0.5991875,1.411521,1.30135,1.155372
forest,difusa,0.9052083,-0.1260417,0.4058465,1.344022,1.234576,1.073773
forest,difusa,-0.8135417,-0.0114583,0.5813937,0.5899751,0.6529471,0.7797327
forest,difusa,-0.6989583,-0.0114583,0.7150706,0.6384655,0.7020984,0.8462729
forest,difusa,-0.5843750,-0.0114583,0.8114028,0.6910853,0.7525613,0.9005915
forest,difusa,-0.4697917,-0.0114583,0.8827029,0.7681302,0.8209192,0.9636569
forest,difusa,-0.3552083,-0.0114583,0.9347169,0.8881684,0.927168,1.055026
forest,difusa,-0.2406250,-0.0114583,0.9705505,0.9978781,1.020163,1.1265
forest,difusa,-0.1260417,-0.0114583,0.9919588,1.091896,1.096641,1.181749
forest,difusa,-0.0114583,-0.0114583,0.9998687,1.18625,1.174466,1.234837
forest,difusa,0.1031250,-0.0114583,0.9946024,1.273411,1.247424,1.281663
forest,difusa,0.2177083,-0.0114583,0.9759466,1.354186,1.310383,1.317289
forest,difusa,0.3322917,-0.0114583,0.9431071,1.413568,1.355893,1.338213
forest,difusa,0.4468750,-0.0114583,0.8945230,1.477059,1.408611,1.363157
forest,difusa,0.5614583,-0.0114583,0.8274257,1.510881,1.42867,1.360439
forest,difusa,0.6760417,-0.0114583,0.7367743,1.506518,1.415368,1.322208
forest,difusa,0.7906250,-0.0114583,0.6121934,1.527128,1.425102,1.300241
forest,difusa,0.9052083,-0.0114583,0.4248136,1.475449,1.37354,1.233981
forest,difusa,-0.8135417,0.1031250,0.5722894,0.648644,0.7251472,0.8806769
forest,difusa,-0.6989583,0.1031250,0.7076881,0.7041029,0.7813232,0.9557896
forest,difusa,-0.5843750,0.1031250,0.8049044,0.7764283,0.8519643,1.032656
forest,difusa,-0.4697917,0.1031250,0.8767332,0.8841473,0.9461892,1.114442
forest,difusa,-0.3552083,0.1031250,0.9290814,0.9887158,1.036353,1.190429
forest,difusa,-0.2406250,0.1031250,0.9651243,1.105184,1.135583,1.270469
forest,difusa,-0.1260417,0.1031250,0.9866503,1.20409,1.21677,1.32219
forest,difusa,-0.0114583,0.1031250,0.9946024,1.318315,1.31627,1.405393
forest,difusa,0.1031250,0.1031250,0.9893081,1.386512,1.368852,1.432667
forest,difusa,0.2177083,0.1031250,0.9705505,1.46196,1.429735,1.465672
forest,difusa,0.3322917,0.1031250,0.9375220,1.528306,1.482787,1.496485
forest,difusa,0.4468750,0.1031250,0.8886326,1.581759,1.52318,1.508573
forest,difusa,0.5614583,0.1031250,0.8210541,1.633939,1.560601,1.520174
forest,difusa,0.6760417,0.1031250,0.7296115,1.639742,1.557636,1.485644
forest,difusa,0.7906250,0.1031250,0.6035539,1.639569,1.549402,1.453132
forest,difusa,0.9052083,0.1031250,0.4122658,1.572365,1.478915,1.363786
forest,difusa,-0.8135417,0.2177083,0.5392152,0.7064626,0.795365,0.9773694
forest,difusa,-0.6989583,0.2177083,0.6812197,0.7792626,0.8723235,1.077163
forest,difusa,-0.5843750,0.2177083,0.7817346,0.8648198,0.9531336,1.161737
forest,difusa,-0.4697917,0.2177083,0.8555109,0.9656159,1.038652,1.235763
forest,difusa,-0.3552083,0.2177083,0.9090820,1.095284,1.153463,1.337785
forest,difusa,-0.2406250,0.2177083,0.9458873,1.214233,1.254703,1.416942
forest,difusa,-0.1260417,0.2177083,0.9678412,1.308979,1.332515,1.468554
forest,difusa,-0.0114583,0.2177083,0.9759466,1.417605,1.426924,1.543188
forest,difusa,0.1031250,0.2177083,0.9705505,1.506651,1.500137,1.595069
forest,difusa,0.2177083,0.2177083,0.9514232,1.567457,1.549388,1.618406
forest,difusa,0.3322917,0.2177083,0.9177066,1.64732,1.613497,1.656257
forest,difusa,0.4468750,0.2177083,0.8677015,1.699439,1.65254,1.66794
forest,difusa,0.5614583,0.2177083,0.7983531,1.728663,1.668158,1.655675
forest,difusa,0.6760417,0.2177083,0.7039679,1.738619,1.668652,1.634149
forest,difusa,0.7906250,0.2177083,0.5722894,1.753334,1.672563,1.606278
forest,difusa,-0.8135417,0.3322917,0.4772130,0.7551585,0.860049,1.070326
forest,difusa,-0.6989583,0.3322917,0.6332768,0.8410422,0.9459465,1.175291
forest,difusa,-0.5843750,0.3322917,0.7403297,0.9317019,1.032017,1.273763
forest,difusa,-0.4697917,0.3322917,0.8178496,1.052304,1.14039,1.364408
forest,difusa,-0.3552083,0.3322917,0.8737330,1.175629,1.247193,1.461594
forest,difusa,-0.2406250,0.3322917,0.9119659,1.307869,1.359145,1.54775
forest,difusa,-0.1260417,0.3322917,0.9347169,1.40661,1.442578,1.610351
forest,difusa,-0.0114583,0.3322917,0.9431071,1.506596,1.528365,1.670214
forest,difusa,0.1031250,0.3322917,0.9375220,1.592661,1.598426,1.71462
forest,difusa,0.2177083,0.3322917,0.9177066,1.682467,1.674071,1.770908
forest,difusa,0.3322917,0.3322917,0.8827029,1.744666,1.722088,1.793266
forest,difusa,0.4468750,0.3322917,0.8305932,1.804529,1.769263,1.817269
forest,difusa,0.5614583,0.3322917,0.7578567,1.819341,1.772725,1.791436
forest,difusa,0.6760417,0.3322917,0.6576853,1.820464,1.763949,1.754828
forest,difusa,0.7906250,0.3322917,0.5142901,1.803225,1.735798,1.696951
forest,difusa,-0.6989583,0.4468750,0.5583547,0.8941948,1.015865,1.273044
forest,difusa,-0.5843750,0.4468750,0.6773541,0.9973313,1.112109,1.37385
forest,difusa,-0.4697917,0.4468750,0.7613137,1.116188,1.21711,1.473979
forest,difusa,-0.3552083,0.4468750,0.8210541,1.25668,1.341432,1.584254
forest,difusa,-0.2406250,0.4468750,0.8616277,1.38504,1.452749,1.674983
forest,difusa,-0.1260417,0.4468750,0.8856728,1.495437,1.546423,1.746631
forest,difusa,-0.0114583,0.4468750,0.8945230,1.584741,1.620685,1.797841
forest,difusa,0.1031250,0.4468750,0.8886326,1.695824,1.716021,1.868787
forest,difusa,0.2177083,0.4468750,0.8677015,1.760131,1.767658,1.897355
forest,difusa,0.3322917,0.4468750,0.8305932,1.830906,1.824742,1.931671
forest,difusa,0.4468750,0.4468750,0.7749874,1.89207,1.872848,1.949984
forest,difusa,0.5614583,0.4468750,0.6964677,1.893063,1.861106,1.910951
forest,difusa,0.6760417,0.4468750,0.5858928,1.904086,1.862252,1.8854
forest,difusa,0.7906250,0.4468750,0.4185867,1.858888,1.806793,1.799909
forest,difusa,-0.6989583,0.5614583,0.4429693,0.9142678,1.049654,1.323568
forest,difusa,-0.5843750,0.5614583,0.5858928,1.029293,1.159603,1.448738
forest,difusa,-0.4697917,0.5614583,0.6812197,1.17277,1.289644,1.575137
forest,difusa,-0.3552083,0.5614583,0.7473898,1.311775,1.412864,1.684046
forest,difusa,-0.2406250,0.5614583,0.7917475,1.445266,1.528143,1.779236
forest,difusa,-0.1260417,0.5614583,0.8178496,1.557917,1.622697,1.84741
forest,difusa,-0.0114583,0.5614583,0.8274257,1.653182,1.702619,1.906597
forest,difusa,0.1031250,0.5614583,0.8210541,1.765177,1.799882,1.979155
forest,difusa,0.2177083,0.5614583,0.7983531,1.816553,1.838297,1.989665
forest,difusa,0.3322917,0.5614583,0.7578567,1.895862,1.904954,2.037594
forest,difusa,0.4468750,0.5614583,0.6964677,1.923488,1.917897,2.016673
forest,difusa,0.5614583,0.5614583,0.6078890,1.937659,1.92201,2.000777
forest,difusa,0.6760417,0.5614583,0.4772130,1.901781,1.878258,1.927113
forest,difusa,-0.5843750,0.6760417,0.4488580,1.032659,1.180582,1.492145
forest,difusa,-0.4697917,0.6760417,0.5676825,1.186634,1.321159,1.630506
forest,difusa,-0.3552083,0.6760417,0.6455964,1.329586,1.446123,1.740473
forest,difusa,-0.2406250,0.6760417,0.6964677,1.470072,1.568078,1.84085
forest,difusa,-0.1260417,0.6760417,0.7260036,1.599343,1.681149,1.932345
forest,difusa,-0.0114583,0.6760417,0.7367743,1.71214,1.778369,2.015306
forest,difusa,0.1031250,0.6760417,0.7296115,1.811358,1.864366,2.073833
forest,difusa,0.2177083,0.6760417,0.7039679,1.881144,1.917124,2.09932
forest,difusa,0.3322917,0.6760417,0.6576853,1.926311,1.952442,2.11854
forest,difusa,0.4468750,0.6760417,0.5858928,1.957567,1.968514,2.096721
forest,difusa,0.5614583,0.6760417,0.4772130,1.955821,1.95597,2.059953
forest,difusa,-0.4697917,0.7906250,0.3926931,1.14984,1.303529,1.632421
forest,difusa,-0.3552083,0.7906250,0.4987376,1.328456,1.46594,1.785056
forest,difusa,-0.2406250,0.7906250,0.5630379,1.485597,1.604542,1.912052
forest,difusa,-0.1260417,0.7906250,0.5991875,1.596806,1.698014,1.977568
forest,difusa,-0.0114583,0.7906250,0.6121934,1.713074,1.799201,2.058147
forest,difusa,0.1031250,0.7906250,0.6035539,1.807119,1.878251,2.122522
forest,difusa,0.2177083,0.7906250,0.5722894,1.868441,1.924268,2.132485
forest,difusa,0.3322917,0.7906250,0.5142901,1.936775,1.979902,2.168282
forest,difusa,0.4468750,0.7906250,0.4185867,1.945781,1.97614,2.132182
forest,difusa,-0.1260417,0.9052083,0.4058465,1.541462,1.663988,1.964894
forest,difusa,-0.0114583,0.9052083,0.4248136,1.665733,1.773132,2.059608
forest,difusa,0.1031250,0.9052083,0.4122658,1.745756,1.83852,2.09793
forest,espelho,-0.3552083,-0.8135417,0.4604096,0.1124356,0.1037061,0.07536602
forest,espelho,-0.2406250,-0.8135417,0.5293860,0.1529729,0.1234216,0.0889921
forest,espelho,-0.1260417,-0.8135417,0.5676825,0.05391622,0.04145233,0.02917073
forest,espelho,-0.0114583,-0.8135417,0.5813937,0.04669403,0.04623245,0.04868246
forest,espelho,0.1031250,-0.8135417,0.5722894,0.09013022,0.08450859,0.07528286
forest,espelho,0.2177083,-0.8135417,0.5392152,0.1103708,0.1165494,0.1050249
forest,espelho,0.3322917,-0.8135417,0.4772130,0.2731434,0.2077358,0.1364903
forest,espelho,-0.5843750,-0.6989583,0.4122658,0.1065537,0.09794655,0.08593715
forest,espelho,-0.4697917,-0.6989583,0.5392152,0.07580034,0.06650331,0.05904193
forest,espelho,-0.3552083,-0.6989583,0.6207127,0.07449482,0.04901046,0.03077433
forest,espelho,-0.2406250,-0.6989583,0.6734663,0.04429158,0.04822128,0.05518515
forest,espelho,-0.1260417,-0.6989583,0.7039679,0.09738611,0.07121775,0.05085698
forest,espelho,-0.0114583,-0.6989583,0.7150706,0.05023113,0.04802118,0.04113914
forest,espelho,0.1031250,-0.6989583,0.7076881,0.1775796,0.1124944,0.07153428
forest,espelho,0.2177083,-0.6989583,0.6812197,0.05918431,0.04867426,0.04233716
forest,espelho,0.3322917,-0.6989583,0.6332768,0.1600417,0.09626897,0.0683499
forest,espelho,0.4468750,-0.6989583,0.5583547,0.1523374,0.1359518,0.1109523
forest,espelho,0.5614583,-0.6989583,0.4429693,0.1058876,0.1063056,0.1029539
forest,espelho,-0.6989583,-0.5843750,0.4122658,0.1502364,0.1237529,0.08842549
forest,espelho,-0.5843750,-0.5843750,0.5630379,0.05749852,0.04928712,0.03137202
forest,espelho,-0.4697917,-0.5843750,0.6616658,0.1196446,0.09481224,0.07706926
forest,espelho,-0.3552083,-0.5843750,0.7296115,0.1120305,0.0944069,0.07377007
forest,espelho,-0.2406250,-0.5843750,0.7749874,0.0870771,0.07331374,0.05099247
forest,espelho,-0.1260417,-0.5843750,0.8016354,0.1050101,0.07793002,0.05504189
forest,espelho,-0.0114583,-0.5843750,0.8114028,0.05605568,0.0536308,0.05183974
forest,espelho,0.1031250,-0.5843750,0.8049044,0.06105949,0.06148127,0.06884819
forest,espelho,0.2177083,-0.5843750,0.7817346,0.07659885,0.07746114,0.08105681
forest,espelho,0.3322917,-0.5843750,0.7403297,0.1019189,0.1112058,0.1366638
forest,espelho,0.4468750,-0.5843750,0.6773541,0.1225109,0.09734038,0.08237839
forest,espelho,0.5614583,-0.5843750,0.5858928,0.09887668,0.0952592,0.0834362
forest,espelho,0.6760417,-0.5843750,0.4488580,0.2305214,0.1872903,0.1296178
forest,espelho,-0.6989583,-0.4697917,0.5392152,0.138254,0.1062493,0.08443528
forest,espelho,-0.5843750,-0.4697917,0.6616658,0.08756953,0.06729301,0.04393865
forest,espelho,-0.4697917,-0.4697917,0.7473898,0.07147622,0.05794866,0.0337076
forest,espelho,-0.3552083,-0.4697917,0.8081602,0.05117845,0.0417094,0.0372195
forest,espelho,-0.2406250,-0.4697917,0.8493500,0.1074732,0.1059689,0.1021629
forest,espelho,-0.1260417,-0.4697917,0.8737330,0.1643008,0.1360888,0.09946457
forest,espelho,-0.0114583,-0.4697917,0.8827029,0.06183228,0.05607359,0.05194478
forest,espelho,0.1031250,-0.4697917,0.8767332,0.0687852,0.05790727,0.04712491
forest,espelho,0.2177083,-0.4697917,0.8555109,0.05967423,0.05524959,0.04868133
forest,espelho,0.3322917,-0.4697917,0.8178496,0.0916165,0.07930653,0.06589747
forest,espelho,0.4468750,-0.4697917,0.7613137,0.1415846,0.1177657,0.09081239
forest,espelho,0.5614583,-0.4697917,0.6812197,0.2856452,0.2114263,0.1312181
forest,espelho,0.6760417,-0.4697917,0.5676825,0.1631498,0.1475549,0.1244589
forest,espelho,0.7906250,-0.4697917,0.3926931,0.1385522,0.09844318,0.05574951
forest,espelho,-0.8135417,-0.3552083,0.4604096,0.319364,0.2417859,0.1563361
forest,espelho,-0.6989583,-0.3552083,0.6207127,0.08820751,0.0823594,0.04754115
forest,espelho,-0.5843750,-0.3552083,0.7296115,0.3069167,0.2261552,0.1362266
forest,espelho,-0.4697917,-0.3552083,0.8081602,0.2634379,0.1707975,0.07676391
forest,espelho,-0.3552083,-0.3552083,0.8646699,0.1000966,0.06957546,0.03930468
forest,espelho,-0.2406250,-0.3552083,0.9032866,0.2733196,0.2091804,0.1285126
forest,espelho,-0.1260417,-0.3552083,0.9262508,0.2160671,0.1727905,0.1232608
forest,espelho,-0.0114583,-0.3552083,0.9347169,0.063499,0.03972227,0.02426019
forest,espelho,0.1031250,-0.3552083,0.9290814,0.03757835,0.03035781,0.02024767
forest,espelho,0.2177083,-0.3552083,0.9090820,0.3640013,0.236662,0.1628607
forest,espelho,0.3322917,-0.3552083,0.8737330,0.04375913,0.04280424,0.02012128
forest,espelho,0.4468750,-0.3552083,0.8210541,0.06672162,0.05416226,0.04330795
forest,espelho,0.5614583,-0.3552083,0.7473898,0.18311,0.1462304,0.1088316
forest,espelho,0.6760417,-0.3552083,0.6455964,0.08147666,0.08682117,0.07899126
forest,espelho,0.7906250,-0.3552083,0.4987376,0.2413598,0.1914978,0.1174522
forest,espelho,-0.8135417,-0.2406250,0.5293860,0.1523444,0.1352365,0.07373334
forest,espelho,-0.6989583,-0.2406250,0.6734663,0.11185,0.1116611,0.009119713
forest,espelho,-0.5843750,-0.2406250,0.7749874,0.07315444,0.06752861,0.05350457
forest,espelho,-0.4697917,-0.2406250,0.8493500,0.09468493,0.07487402,0.0614062
forest,espelho,-0.3552083,-0.2406250,0.9032866,0.8889146,0.7134979,0.508384
forest,espelho,-0.2406250,-0.2406250,0.9403187,0.08321516,0.05422313,0.03124978
forest,espelho,-0.1260417,-0.2406250,0.9623997,0.2076138,0.1649544,0.1257427
forest,espelho,-0.0114583,-0.2406250,0.9705505,0.9060085,0.670839,0.442141
forest,espelho,0.1031250,-0.2406250,0.9651243,0.01251804,0.009122064,0.006389445
forest,espelho,0.2177083,-0.2406250,0.9458873,0.1726993,0.1528827,0.1224904
forest,espelho,0.3322917,-0.2406250,0.9119659,0.04949097,0.0531252,0.04664985
forest,espelho,0.4468750,-0.2406250,0.8616277,0.08150214,0.0621361,0.04372459
forest,espelho,0.5614583,-0.2406250,0.7917475,0.1114445,0.1032207,0.09358194
forest,espelho,0.6760417,-0.2406250,0.6964677,0.2667146,0.2423084,0.2075718
forest,espelho,0.7906250,-0.2406250,0.5630379,0.2283463,0.1646504,0.097037
forest,espelho,-0.8135417,-0.1260417,0.5676825,0.5726063,0.4137341,0.2057257
forest,espelho,-0.6989583,-0.1260417,0.7039679,0.1724615,0.1681516,0.05693693
forest,espelho,-0.5843750,-0.1260417,0.8016354,0.6615369,0.4858648,0.2778322
forest,espelho,-0.4697917,-0.1260417,0.8737330,0.07961901,0.06959536,0.0490032
forest,espelho,-0.3552083,-0.1260417,0.9262508,0.1263389,0.1283024,0.1129867
forest,espelho,-0.2406250,-0.1260417,0.9623997,0.3137739,0.2802944,0.2076439
forest,espelho,-0.1260417,-0.1260417,0.9839853,0.1008509,0.09826158,0.07961024
forest,espelho,-0.0114583,-0.1260417,0.9919588,0.0911736,0.08733544,0.08029674
forest,espelho,0.1031250,-0.1260417,0.9866503,0.06524444,0.1121775,0.04788822
forest,espelho,0.2177083,-0.1260417,0.9678412,0.0381516,0.03881272,0.03080768
forest,espelho,0.3322917,-0.1260417,0.9347169,0.0611672,0.06489371,0.03363427
forest,espelho,0.4468750,-0.1260417,0.8856728,0.04540991,0.0430909,0.03526838
forest,espelho,0.5614583,-0.1260417,0.8178496,0.04354776,0.0320618,0.02144333
forest,espelho,0.6760417,-0.1260417,0.7260036,0.2810766,0.2566307,0.1879747
forest,espelho,0.7906250,-0.1260417,0.5991875,0.1152571,0.1096083,0.08171381
forest,espelho,0.9052083,-0.1260417,0.4058465,0.06726611,0.06229639,0.03415737
forest,espelho,-0.8135417,-0.0114583,0.5813937,0.8057045,0.7193391,0.279453
forest,espelho,-0.6989583,-0.0114583,0.7150706,0.07984805,0.08687859,0.03336479
forest,espelho,-0.5843750,-0.0114583,0.8114028,0.536751,0.3954866,0.239693
forest,espelho,-0.4697917,-0.0114583,0.8827029,0.2624806,0.2733991,0.2215466
forest,espelho,-0.3552083,-0.0114583,0.9347169,0.1245725,0.1301572,0.07554869
forest,espelho,-0.2406250,-0.0114583,0.9705505,0.2414002,0.2750261,0.297489
forest,espelho,-0.1260417,-0.0114583,0.9919588,0.006985358,0.00632328,0.004861704
forest,espelho,-0.0114583,-0.0114583,0.9998687,0.03251935,0.03662735,0.02548829
forest,espelho,0.1031250,-0.0114583,0.9946024,0.09497564,0.09131575,0.07090154
forest,espelho,0.2177083,-0.0114583,0.9759466,0.07049868,0.1033089,0.01904676
forest,espelho,0.3322917,-0.0114583,0.9431071,0.07123903,0.06380213,0.04684411
forest,espelho,0.4468750,-0.0114583,0.8945230,0.05752156,0.0657986,0.01128049
forest,espelho,0.5614583,-0.0114583,0.8274257,0.344818,0.3698917,0.1142548
forest,espelho,0.6760417,-0.0114583,0.7367743,0.03565078,0.04318158,0.009501157
forest,espelho,0.7906250,-0.0114583,0.6121934,0.01933499,0.02098759,0.01216057
forest,espelho,0.9052083,-0.0114583,0.4248136,0.0776559,0.059498,0.02632904
forest,espelho,-0.8135417,0.1031250,0.5722894,0.6388324,0.7457015,0.08025233
forest,espelho,-0.6989583,0.1031250,0.7076881,0.3011861,0.2162603,0.11639
forest,espelho,-0.5843750,0.1031250,0.8049044,0.2858769,0.3245394,0.08574251
forest,espelho,-0.4697917,0.1031250,0.8767332,0.1180679,0.1681529,0.07380281
forest,espelho,-0.3552083,0.1031250,0.9290814,0.197162,0.2459372,0.1103206
forest,espelho,-0.2406250,0.1031250,0.9651243,0.3643352,0.3607183,0.2359181
forest,espelho,-0.1260417,0.1031250,0.9866503,0.1732736,0.2282992,0.08083554
forest,espelho,-0.0114583,0.1031250,0.9946024,2.351876,2.38257,2.032873
forest,espelho,0.1031250,0.1031250,0.9893081,0.3007482,0.2818267,0.2345515
forest,espelho,0.2177083,0.1031250,0.9705505,1.02077,1.019159,0.6954608
forest,espelho,0.3322917,0.1031250,0.9375220,0.229104,0.2780458,0.06133195
forest,espelho,0.4468750,0.1031250,0.8886326,0.1256834,0.1150208,0.08211438
forest,espelho,0.5614583,0.1031250,0.8210541,24.01282,19.44927,13.23223
forest,espelho,0.6760417,0.1031250,0.7296115,0.6878182,0.6877763,0.3096347
forest,espelho,0.7906250,0.1031250,0.6035539,0.03899221,0.05595539,0.01469255
forest,espelho,0.9052083,0.1031250,0.4122658,0.09565847,0.1570837,0.005257075
forest,espelho,-0.8135417,0.2177083,0.5392152,0.03708434,0.05561422,0.02055007
forest,espelho,-0.6989583,0.2177083,0.6812197,0.2840036,0.3251031,0.433378
forest,espelho,-0.5843750,0.2177083,0.7817346,3.847611,4.397131,5.677147
forest,espelho,-0.4697917,0.2177083,0.8555109,4.768505,5.182191,6.4365
forest,espelho,-0.3552083,0.2177083,0.9090820,4.104418,4.642961,6.037593
forest,espelho,-0.2406250,0.2177083,0.9458873,4.014666,4.530018,5.975544
forest,espelho,-0.1260417,0.2177083,0.9678412,0.1069014,0.1061245,0.06458236
forest,espelho,-0.0114583,0.2177083,0.9759466,4.518899,5.081351,6.480214
forest,espelho,0.1031250,0.2177083,0.9705505,0.1768913,0.1733916,0.08442783
forest,espelho,0.2177083,0.2177083,0.9514232,0.1766833,0.1797509,0.1262532
forest,espelho,0.3322917,0.2177083,0.9177066,25.67955,23.3729,20.3011
forest,espelho,0.4468750,0.2177083,0.8677015,5.427385,4.316499,3.156561
forest,espelho,0.5614583,0.2177083,0.7983531,7.779442,7.062821,6.614553
forest,espelho,0.6760417,0.2177083,0.7039679,2.507828,2.732706,3.127261
forest,espelho,0.7906250,0.2177083,0.5722894,0.2479071,0.3098419,0.05114983
forest,espelho,-0.8135417,0.3322917,0.4772130,0.1587042,0.2570046,0.1539074
forest,espelho,-0.6989583,0.3322917,0.6332768,0.02877052,0.04328895,0.002811669
forest,espelho,-0.5843750,0.3322917,0.7403297,0.01933174,0.03249365,0.003761658
forest,espelho,-0.4697917,0.3322917,0.8178496,0.1534386,0.2258558,0.0103108
forest,espelho,-0.3552083,0.3322917,0.8737330,2.326429,2.871531,4.456552
forest,espelho,-0.2406250,0.3322917,0.9119659,3.409946,3.941488,5.560949
forest,espelho,-0.1260417,0.3322917,0.9347169,4.359711,4.858247,6.425289
forest,espelho,-0.0114583,0.3322917,0.9431071,4.243184,4.842525,6.592934
forest,espelho,0.1031250,0.3322917,0.9375220,0.5745051,0.5690983,0.5360639
forest,espelho,0.2177083,0.3322917,0.9177066,9.887024,10.14187,11.82357
forest,espelho,0.3322917,0.3322917,0.8827029,0.5011616,0.5414116,0.1384668
forest,espelho,0.4468750,0.3322917,0.8305932,1.077364,1.051463,0.7617252
forest,espelho,0.5614583,0.3322917,0.7578567,0.6797217,0.757934,0.5062858
forest,espelho,0.6760417,0.3322917,0.6576853,0.4336924,0.4997541,0.419771
forest,espelho,0.7906250,0.3322917,0.5142901,0.4212716,0.4691197,0.4340677
forest,espelho,-0.6989583,0.4468750,0.5583547,0.4951743,0.631924,0.7591799
forest,espelho,-0.5843750,0.4468750,0.6773541,0.0655885,0.09952119,0.01349315
forest,espelho,-0.4697917,0.4468750,0.7613137,0.0545722,0.1158092,0.002225358
forest,espelho,-0.3552083,0.4468750,0.8210541,0.1394063,0.248164,0.001789005
forest,espelho,-0.2406250,0.4468750,0.8616277,1.856017,2.250739,3.631195
forest,espelho,-0.1260417,0.4468750,0.8856728,2.126547,2.549224,3.938592
forest,espelho,-0.0114583,0.4468750,0.8945230,2.439057,2.911737,4.416312
forest,espelho,0.1031250,0.4468750,0.8886326,4.228281,4.598476,6.224164
forest,espelho,0.2177083,0.4468750,0.8677015,0.6144214,0.6923315,0.2980798
forest,espelho,0.3322917,0.4468750,0.8305932,0.2810941,0.3667946,0.1298589
forest,espelho,0.4468750,0.4468750,0.7749874,0.3717339,0.4505482,0.1886082
forest,espelho,0.5614583,0.4468750,0.6964677,0.4778659,0.6222671,0.4092706
forest,espelho,0.6760417,0.4468750,0.5858928,0.5579595,0.6432485,0.477088
forest,espelho,0.7906250,0.4468750,0.4185867,0.0484519,0.05254738,0.01405461
forest,espelho,-0.6989583,0.5614583,0.4429693,0.2574463,0.3865702,0.07437709
forest,espelho,-0.5843750,0.5614583,0.5858928,0.397603,0.5372659,0.7299845
forest,espelho,-0.4697917,0.5614583,0.6812197,0.3032487,0.4710728,0.4665699
forest,espelho,-0.3552083,0.5614583,0.7473898,0.2411428,0.375144,0.2340015
forest,espelho,-0.2406250,0.5614583,0.7917475,0.4360572,0.5933697,0.5381265
forest,espelho,-0.1260417,0.5614583,0.8178496,0.4009421,0.6091436,0.1461566
forest,espelho,-0.0114583,0.5614583,0.8274257,1.633922,2.083314,3.429061
forest,espelho,0.1031250,0.5614583,0.8210541,1.989512,2.466658,3.977233
forest,espelho,0.2177083,0.5614583,0.7983531,3.961417,4.3268,5.921804
forest,espelho,0.3322917,0.5614583,0.7578567,2.888377,3.352026,5.068991
forest,espelho,0.4468750,0.5614583,0.6964677,2.389568,2.96345,4.722626
forest,espelho,0.5614583,0.5614583,0.6078890,0.5098208,0.6111071,0.3482289
forest,espelho,0.6760417,0.5614583,0.4772130,0.04278297,0.04422324,0.01773615
forest,espelho,-0.5843750,0.6760417,0.4488580,0.1043462,0.1844441,0.0136208
forest,espelho,-0.4697917,0.6760417,0.5676825,1.416001,1.764261,2.798122
forest,espelho,-0.3552083,0.6760417,0.6455964,0.2743571,0.3739978,0.3886324
forest,espelho,-0.2406250,0.6760417,0.6964677,0.1079188,0.1905214,0.03611589
forest,espelho,-0.1260417,0.6760417,0.7260036,0.09529515,0.1836611,0.01393232
forest,espelho,-0.0114583,0.6760417,0.7367743,1.504161,1.917321,3.229737
forest,espelho,0.1031250,0.6760417,0.7296115,2.520182,2.902824,4.255507
forest,espelho,0.2177083,0.6760417,0.7039679,0.358391,0.475033,0.2893662
forest,espelho,0.3322917,0.6760417,0.6576853,0.3114078,0.3929469,0.01711321
forest,espelho,0.4468750,0.6760417,0.5858928,0.1845963,0.2215107,0.02410493
forest,espelho,0.5614583,0.6760417,0.4772130,0.1278798,0.1683672,0.1917905
forest,espelho,-0.4697917,0.7906250,0.3926931,0.2526568,0.3230356,0.07728489
forest,espelho,-0.3552083,0.7906250,0.4987376,0.2983482,0.4240531,0.07165328
forest,espelho,-0.2406250,0.7906250,0.5630379,0.1505231,0.2479219,0.113186
forest,espelho,-0.1260417,0.7906250,0.5991875,0.7464333,1.12616,2.295943
forest,espelho,-0.0114583,0.7906250,0.6121934,0.6406052,0.7503908,0.2049267
forest,espelho,0.1031250,0.7906250,0.6035539,0.4855171,0.6040795,0.2786963
forest,espelho,0.2177083,0.7906250,0.5722894,0.5970489,0.815248,1.22716
forest,espelho,0.3322917,0.7906250,0.5142901,0.2026816,0.2731964,0.0580429
forest,espelho,0.4468750,0.7906250,0.4185867,0.2434481,0.3239081,0.4570378
forest,espelho,-0.1260417,0.9052083,0.4058465,0.139066,0.2179452,0.2030645
forest,espelho,-0.0114583,0.9052083,0.4248136,0.2820577,0.3819844,0.1539606
forest,espelho,0.1031250,0.9052083,0.4122658,0.7474637,1.219214,2.707993
sunset,difusa,-0.3552083,-0.8135417,0.4604096,0.1846353,0.1649442,0.1798877
sunset,difusa,-0.2406250,-0.8135417,0.5293860,0.2303117,0.1934489,0.2028275
sunset,difusa,-0.1260417,-0.8135417,0.5676825,0.2860238,0.222681,0.2226099
sunset,difusa,-0.0114583,-0.8135417,0.5813937,0.3414245,0.2515481,0.2417032
sunset,difusa,0.1031250,-0.8135417,0.5722894,0.3961257,0.2825252,0.2616042
sunset,difusa,0.2177083,-0.8135417,0.5392152,0.447317,0.3110393,0.2795643
sunset,difusa,0.3322917,-0.8135417,0.4772130,0.4938336,0.3353978,0.2946095
sunset,difusa,-0.5843750,-0.6989583,0.4122658,0.1716584,0.1581771,0.182637
sunset,difusa,-0.4697917,-0.6989583,0.5392152,0.2014573,0.1832626,0.2063797
sunset,difusa,-0.3552083,-0.6989583,0.6207127,0.2455449,0.2136366,0.2320988
sunset,difusa,-0.2406250,-0.6989583,0.6734663,0.3058354,0.2471551,0.2573477
sunset,difusa,-0.1260417,-0.6989583,0.7039679,0.3712851,0.2832235,0.2821729
sunset,difusa,-0.0114583,-0.6989583,0.7150706,0.4327407,0.3182188,0.3067021
sunset,difusa,0.1031250,-0.6989583,0.7076881,0.4944074,0.3533641,0.3298548
sunset,difusa,0.2177083,-0.6989583,0.6812197,0.549545,0.3845954,0.3500111
sunset,difusa,0.3322917,-0.6989583,0.6332768,0.602053,0.4155591,0.3705564
sunset,difusa,0.4468750,-0.6989583,0.5583547,0.6422718,0.4408165,0.3877845
sunset,difusa,0.5614583,-0.6989583,0.4429693,0.6777763,0.4591655,0.4005928
sunset,difusa,-0.6989583,-0.5843750,0.4122658,0.1812864,0.1730124,0.2106004
sunset,difusa,-0.5843750,-0.5843750,0.5630379,0.2125862,0.1990203,0.2347769
sunset,difusa,-0.4697917,-0.5843750,0.6616658,0.2504644,0.2281998,0.2593755
sunset,difusa,-0.3552083,-0.5843750,0.7296115,0.3114693,0.2650504,0.2892569
sunset,difusa,-0.2406250,-0.5843750,0.7749874,0.3768823,0.3007445,0.3145281
sunset,difusa,-0.1260417,-0.5843750,0.8016354,0.4411511,0.3398404,0.3434081
sunset,difusa,-0.0114583,-0.5843750,0.8114028,0.5110307,0.3780031,0.3700813
sunset,difusa,0.1031250,-0.5843750,0.8049044,0.5813531,0.4175905,0.3964177
sunset,difusa,0.2177083,-0.5843750,0.7817346,0.639258,0.4528919,0.4209099
sunset,difusa,0.3322917,-0.5843750,0.7403297,0.6965339,0.4873076,0.4442683
sunset,difusa,0.4468750,-0.5843750,0.6773541,0.7431162,0.5144629,0.4625888
sunset,difusa,0.5614583,-0.5843750,0.5858928,0.78128,0.5395972,0.4812876
sunset,difusa,0.6760417,-0.5843750,0.4488580,0.7937424,0.551428,0.4914888
sunset,difusa,-0.6989583,-0.4697917,0.5392152,0.2152926,0.2096467,0.2610944
sunset,difusa,-0.5843750,-0.4697917,0.6616658,0.2522242,0.2403028,0.2893624
sunset,difusa,-0.4697917,-0.4697917,0.7473898,0.3004278,0.2732499,0.3156832
sunset,difusa,-0.3552083,-0.4697917,0.8081602,0.3693395,0.3120736,0.3444073
sunset,difusa,-0.2406250,-0.4697917,0.8493500,0.4370378,0.3520781,0.3748939
sunset,difusa,-0.1260417,-0.4697917,0.8737330,0.5123267,0.3953208,0.4063197
sunset,difusa,-0.0114583,-0.4697917,0.8827029,0.5830894,0.4357671,0.4336206
sunset,difusa,0.1031250,-0.4697917,0.8767332,0.6521004,0.4755391,0.4618225
sunset,difusa,0.2177083,-0.4697917,0.8555109,0.7100807,0.5139161,0.4898202
sunset,difusa,0.3322917,-0.4697917,0.8178496,0.7787387,0.5521054,0.5155784
sunset,difusa,0.4468750,-0.4697917,0.7613137,0.8256286,0.5817351,0.5363616
sunset,difusa,0.5614583,-0.4697917,0.6812197,0.8663247,0.6071352,0.5546156
sunset,difusa,0.6760417,-0.4697917,0.5676825,0.8937992,0.6268679,0.570608
sunset,difusa,0.7906250,-0.4697917,0.3926931,0.8958415,0.6315284,0.5775181
sunset,difusa,-0.8135417,-0.3552083,0.4604096,0.2122448,0.2179546,0.2889202
sunset,difusa,-0.6989583,-0.3552083,0.6207127,0.2439937,0.2441027,0.3120005
sunset,difusa,-0.5843750,-0.3552083,0.7296115,0.2903198,0.279553,0.3421115
sunset,difusa,-0.4697917,-0.3552083,0.8081602,0.3488541,0.3168393,0.3722512
sunset,difusa,-0.3552083,-0.3552083,0.8646699,0.4200598,0.3574097,0.4019595
sunset,difusa,-0.2406250,-0.3552083,0.9032866,0.4942873,0.4009969,0.4333648
sunset,difusa,-0.1260417,-0.3552083,0.9262508,0.5700367,0.4450303,0.4654688
sunset,difusa,-0.0114583,-0.3552083,0.9347169,0.6457512,0.4893581,0.4969248
sunset,difusa,0.1031250,-0.3552083,0.9290814,0.70795,0.5296671,0.5271872
sunset,difusa,0.2177083,-0.3552083,0.9090820,0.778159,0.5696411,0.5553674
sunset,difusa,0.3322917,-0.3552083,0.8737330,0.8371944,0.6056436,0.5805553
sunset,difusa,0.4468750,-0.3552083,0.8210541,0.8928958,0.6400262,0.6060463
sunset,difusa,0.5614583,-0.3552083,0.7473898,0.9425859,0.6699134,0.626343
sunset,difusa,0.6760417,-0.3552083,0.6455964,0.9708251,0.6910662,0.6437114
sunset,difusa,0.7906250,-0.3552083,0.4987376,0.9909382,0.7030933,0.654193
sunset,difusa,-0.8135417,-0.2406250,0.5293860,0.2378206,0.2497117,0.3387282
sunset,difusa,-0.6989583,-0.2406250,0.6734663,0.2765429,0.280998,0.3657683
sunset,difusa,-0.5843750,-0.2406250,0.7749874,0.3222713,0.3158485,0.3951847
sunset,difusa,-0.4697917,-0.2406250,0.8493500,0.3889575,0.3552394,0.4244598
sunset,difusa,-0.3552083,-0.2406250,0.9032866,0.466188,0.4010158,0.4586954
sunset,difusa,-0.2406250,-0.2406250,0.9403187,0.5438355,0.4458367,0.4914302
sunset,difusa,-0.1260417,-0.2406250,0.9623997,0.6212272,0.4910565,0.5249398
sunset,difusa,-0.0114583,-0.2406250,0.9705505,0.6979377,0.5375841,0.5592453
sunset,difusa,0.1031250,-0.2406250,0.9651243,0.7637609,0.5807261,0.5909239
sunset,difusa,0.2177083,-0.2406250,0.9458873,0.8371383,0.6220664,0.6201947
sunset,difusa,0.3322917,-0.2406250,0.9119659,0.8958507,0.6590386,0.6472787
sunset,difusa,0.4468750,-0.2406250,0.8616277,0.958446,0.6954598,0.6730011
sunset,difusa,0.5614583,-0.2406250,0.7917475,1.000806,0.7245526,0.6949002
sunset,difusa,0.6760417,-0.2406250,0.6964677,1.03282,0.7489799,0.7146813
sunset,difusa,0.7906250,-0.2406250,0.5630379,1.066639,0.765985,0.727344
sunset,difusa,-0.8135417,-0.1260417,0.5676825,0.2612513,0.2806782,0.3888896
sunset,difusa,-0.6989583,-0.1260417,0.7039679,0.3032045,0.3143292,0.4178679
sunset,difusa,-0.5843750,-0.1260417,0.8016354,0.3540064,0.3521442,0.4489605
sunset,difusa,-0.4697917,-0.1260417,0.8737330,0.4273807,0.3958869,0.4820974
sunset,difusa,-0.3552083,-0.1260417,0.9262508,0.5060243,0.4402078,0.5135279
sunset,difusa,-0.2406250,-0.1260417,0.9623997,0.5831559,0.4873771,0.5493974
sunset,difusa,-0.1260417,-0.1260417,0.9839853,0.6628519,0.5343498,0.5828766
sunset,difusa,-0.0114583,-0.1260417,0.9919588,0.7352983,0.5794992,0.6169265
sunset,difusa,0.1031250,-0.1260417,0.9866503,0.8069392,0.6244556,0.6500442
sunset,difusa,0.2177083,-0.1260417,0.9678412,0.8825853,0.666505,0.6803018
sunset,difusa,0.3322917,-0.1260417,0.9347169,0.9437583,0.7059841,0.7097273
sunset,difusa,0.4468750,-0.1260417,0.8856728,0.999953,0.7413081,0.7352246
sunset,difusa,0.5614583,-0.1260417,0.8178496,1.046798,0.7738762,0.7603188
sunset,difusa,0.6760417,-0.1260417,0.7260036,1.091396,0.8002038,0.7802603
sunset,difusa,0.7906250,-0.1260417,0.5991875,1.115893,0.8174862,0.7946308
sunset,difusa,0.9052083,-0.1260417,0.4058465,1.117855,0.8174712,0.7977726
sunset,difusa,-0.8135417,-0.0114583,0.5813937,0.2802983,0.3087527,0.4375096
sunset,difusa,-0.6989583,-0.0114583,0.7150706,0.3256259,0.3444027,0.4679124
sunset,difusa,-0.5843750,-0.0114583,0.8114028,0.3790621,0.3844988,0.5006218
sunset,difusa,-0.4697917,-0.0114583,0.8827029,0.4587956,0.4289144,0.5320832
sunset,difusa,-0.3552083,-0.0114583,0.9347169,0.5389308,0.477689,0.5699378
sunset,difusa,-0.2406250,-0.0114583,0.9705505,0.6215582,0.5258304,0.6045315
sunset,difusa,-0.1260417,-0.0114583,0.9919588,0.6980379,0.5730209,0.6400214
sunset,difusa,-0.0114583,-0.0114583,0.9998687,0.774299,0.6196109,0.6742089
sunset,difusa,0.1031250,-0.0114583,0.9946024,0.8470731,0.6643373,0.7067661
sunset,difusa,0.2177083,-0.0114583,0.9759466,0.9188191,0.7097201,0.7403991
sunset,difusa,0.3322917,-0.0114583,0.9431071,0.9847882,0.7488856,0.7697288
sunset,difusa,0.4468750,-0.0114583,0.8945230,1.042978,0.7862009,0.7974958
sunset,difusa,0.5614583,-0.0114583,0.8274257,1.094451,0.8184391,0.8217221
sunset,difusa,0.6760417,-0.0114583,0.7367743,1.138332,0.84339,0.8403438
sunset,difusa,0.7906250,-0.0114583,0.6121934,1.161362,0.8623853,0.8571202
sunset,difusa,0.9052083,-0.0114583,0.4248136,1.153665,0.8625168,0.8620704
sunset,difusa,-0.8135417,0.1031250,0.5722894,0.2985978,0.3375073,0.489244
sunset,difusa,-0.6989583,0.1031250,0.7076881,0.3453187,0.3728414,0.5177235
sunset,difusa,-0.5843750,0.1031250,0.8049044,0.3996454,0.41341,0.5505104
sunset,difusa,-0.4697917,0.1031250,0.8767332,0.4811175,0.4608337,0.5851154
sunset,difusa,-0.3552083,0.1031250,0.9290814,0.56286,0.509299,0.6208426
sunset,difusa,-0.2406250,0.1031250,0.9651243,0.6511121,0.5591995,0.6567327
sunset,difusa,-0.1260417,0.1031250,0.9866503,0.7266212,0.6083328,0.693747
sunset,difusa,-0.0114583,0.1031250,0.9946024,0.8037206,0.6543079,0.7270045
sunset,difusa,0.1031250,0.1031250,0.9893081,0.8844986,0.703651,0.7643175
sunset,difusa,0.2177083,0.1031250,0.9705505,0.9455236,0.7444795,0.7953262
sunset,difusa,0.3322917,0.1031250,0.9375220,1.013405,0.7862124,0.8275288
sunset,difusa,0.4468750,0.1031250,0.8886326,1.076055,0.8242014,0.8550375
sunset,difusa,0.5614583,0.1031250,0.8210541,1.130573,0.8561813,0.8789116
sunset,difusa,0.6760417,0.1031250,0.7296115,1.168361,0.8840714,0.9026771
sunset,difusa,0.7906250,0.1031250,0.6035539,1.194717,0.8998734,0.9147956
sunset,difusa,0.9052083,0.1031250,0.4122658,1.19339,0.9018061,0.9201238
sunset,difusa,-0.8135417,0.2177083,0.5392152,0.3109123,0.3613765,0.5367704
sunset,difusa,-0.6989583,0.2177083,0.6812197,0.3596609,0.3993547,0.568346
sunset,difusa,-0.5843750,0.2177083,0.7817346,0.4135953,0.4383668,0.5980442
sunset,difusa,-0.4697917,0.2177083,0.8555109,0.4987406,0.4877811,0.6336724
sunset,difusa,-0.3552083,0.2177083,0.9090820,0.5846285,0.5379237,0.6703019
sunset,difusa,-0.2406250,0.2177083,0.9458873,0.6664079,0.5903676,0.7105957
sunset,difusa,-0.1260417,0.2177083,0.9678412,0.7502909,0.6404483,0.7471493
sunset,difusa,-0.0114583,0.2177083,0.9759466,0.830241,0.687982,0.7823204
sunset,difusa,0.1031250,0.2177083,0.9705505,0.9087335,0.7352467,0.8165011
sunset,difusa,0.2177083,0.2177083,0.9514232,0.9734564,0.7782665,0.8506039
sunset,difusa,0.3322917,0.2177083,0.9177066,1.03736,0.8192095,0.8812398
sunset,difusa,0.4468750,0.2177083,0.8677015,1.108617,0.8592743,0.9110019
sunset,difusa,0.5614583,0.2177083,0.7983531,1.153718,0.8920112,0.9362911
sunset,difusa,0.6760417,0.2177083,0.7039679,1.192024,0.9167571,0.9563941
sunset,difusa,0.7906250,0.2177083,0.5722894,1.211219,0.9322801,0.9706397
sunset,difusa,-0.8135417,0.3322917,0.4772130,0.314083,0.3793791,0.5811068
sunset,difusa,-0.6989583,0.3322917,0.6332768,0.3638763,0.4165914,0.6097109
sunset,difusa,-0.5843750,0.3322917,0.7403297,0.4244174,0.4620413,0.6468176
sunset,difusa,-0.4697917,0.3322917,0.8178496,0.5086659,0.51402,0.6869695
sunset,difusa,-0.3552083,0.3322917,0.8737330,0.5947092,0.5632101,0.7203131
sunset,difusa,-0.2406250,0.3322917,0.9119659,0.6796303,0.6142417,0.7576041
sunset,difusa,-0.1260417,0.3322917,0.9347169,0.7667398,0.666625,0.7966521
sunset,difusa,-0.0114583,0.3322917,0.9431071,0.8400052,0.7146235,0.8328539
sunset,difusa,0.1031250,0.3322917,0.9375220,0.9197347,0.7607229,0.8665217
sunset,difusa,0.2177083,0.3322917,0.9177066,0.9956887,0.808197,0.9021048
sunset,difusa,0.3322917,0.3322917,0.8827029,1.053112,0.8470041,0.9329109
sunset,difusa,0.4468750,0.3322917,0.8305932,1.120162,0.8857412,0.9620969
sunset,difusa,0.5614583,0.3322917,0.7578567,1.171016,0.9179573,0.9871243
sunset,difusa,0.6760417,0.3322917,0.6576853,1.201429,0.94425,1.010055
sunset,difusa,0.7906250,0.3322917,0.5142901,1.215986,0.9553726,1.020691
sunset,difusa,-0.6989583,0.4468750,0.5583547,0.3657926,0.4347642,0.6566949
sunset,difusa,-0.5843750,0.4468750,0.6773541,0.424962,0.4790501,0.6917132
sunset,difusa,-0.4697917,0.4468750,0.7613137,0.5067403,0.5304602,0.7304532
sunset,difusa,-0.3552083,0.4468750,0.8210541,0.5942281,0.5814278,0.7671946
sunset,difusa,-0.2406250,0.4468750,0.8616277,0.6849893,0.6353237,0.8058345
sunset,difusa,-0.1260417,0.4468750,0.8856728,0.7703823,0.6858705,0.8418553
sunset,difusa,-0.0114583,0.4468750,0.8945230,0.8480442,0.7377509,0.8822179
sunset,difusa,0.1031250,0.4468750,0.8886326,0.9304767,0.7862883,0.9181728
sunset,difusa,0.2177083,0.4468750,0.8677015,1.001685,0.8318201,0.9522373
sunset,difusa,0.3322917,0.4468750,0.8305932,1.066062,0.8707916,0.9819553
sunset,difusa,0.4468750,0.4468750,0.7749874,1.121629,0.9085806,1.01248
sunset,difusa,0.5614583,0.4468750,0.6964677,1.168778,0.939845,1.037529
sunset,difusa,0.6760417,0.4468750,0.5858928,1.199279,0.9632472,1.057875
sunset,difusa,0.7906250,0.4468750,0.4185867,1.216562,0.9690025,1.064577
sunset,difusa,-0.6989583,0.5614583,0.4429693,0.3630235,0.4492452,0.7018901
sunset,difusa,-0.5843750,0.5614583,0.5858928,0.4227507,0.4946457,0.7381052
sunset,difusa,-0.4697917,0.5614583,0.6812197,0.4948567,0.5421957,0.7727923
sunset,difusa,-0.3552083,0.5614583,0.7473898,0.5891311,0.5981334,0.8138154
sunset,difusa,-0.2406250,0.5614583,0.7917475,0.6753236,0.6489506,0.8495206
sunset,difusa,-0.1260417,0.5614583,0.8178496,0.7630448,0.7040091,0.8905388
sunset,difusa,-0.0114583,0.5614583,0.8274257,0.8481286,0.754795,0.9273697
sunset,difusa,0.1031250,0.5614583,0.8210541,0.9260631,0.8029017,0.9635181
sunset,difusa,0.2177083,0.5614583,0.7983531,0.9987704,0.8484475,0.9990019
sunset,difusa,0.3322917,0.5614583,0.7578567,1.066442,0.8892073,1.029403
sunset,difusa,0.4468750,0.5614583,0.6964677,1.111098,0.9250076,1.060071
sunset,difusa,0.5614583,0.5614583,0.6078890,1.165456,0.9531106,1.081528
sunset,difusa,0.6760417,0.5614583,0.4772130,1.175131,0.9692252,1.098681
sunset,difusa,-0.5843750,0.6760417,0.4488580,0.4006144,0.4965107,0.7746248
sunset,difusa,-0.4697917,0.6760417,0.5676825,0.4718075,0.5502164,0.8181301
sunset,difusa,-0.3552083,0.6760417,0.6455964,0.5659382,0.604804,0.8552687
sunset,difusa,-0.2406250,0.6760417,0.6964677,0.6561776,0.6592599,0.8949673
sunset,difusa,-0.1260417,0.6760417,0.7260036,0.7464842,0.7119563,0.9320422
sunset,difusa,-0.0114583,0.6760417,0.7367743,0.8269079,0.7637569,0.9719968
sunset,difusa,0.1031250,0.6760417,0.7296115,0.9136503,0.8150779,1.009402
sunset,difusa,0.2177083,0.6760417,0.7039679,0.9739245,0.8580212,1.04358
sunset,difusa,0.3322917,0.6760417,0.6576853,1.037449,0.898218,1.074985
sunset,difusa,0.4468750,0.6760417,0.5858928,1.08546,0.9312102,1.102573
sunset,difusa,0.5614583,0.6760417,0.4772130,1.123854,0.9558079,1.124348
sunset,difusa,-0.4697917,0.7906250,0.3926931,0.4369946,0.5455157,0.8541315
sunset,difusa,-0.3552083,0.7906250,0.4987376,0.5241411,0.603665,0.8975595
sunset,difusa,-0.2406250,0.7906250,0.5630379,0.6191352,0.6593012,0.9369887
sunset,difusa,-0.1260417,0.7906250,0.5991875,0.7117954,0.7147506,0.9763345
sunset,difusa,-0.0114583,0.7906250,0.6121934,0.7977854,0.7666166,1.014645
sunset,difusa,0.1031250,0.7906250,0.6035539,0.8731037,0.8156703,1.052009
sunset,difusa,0.2177083,0.7906250,0.5722894,0.9435272,0.8608196,1.087122
sunset,difusa,0.3322917,0.7906250,0.5142901,1.003693,0.8983238,1.117094
sunset,difusa,0.4468750,0.7906250,0.4185867,1.039164,0.9256415,1.142119
sunset,difusa,-0.1260417,0.9052083,0.4058465,0.6422934,0.7007763,1.015671
sunset,difusa,-0.0114583,0.9052083,0.4248136,0.7300146,0.7531829,1.053098
sunset,difusa,0.1031250,0.9052083,0.4122658,0.8067198,0.8018755,1.09066
sunset,espelho,-0.3552083,-0.8135417,0.4604096,0.1509777,0.1458849,0.1643109
sunset,espelho,-0.2406250,-0.8135417,0.5293860,0.1644049,0.1666394,0.196988
sunset,espelho,-0.1260417,-0.8135417,0.5676825,0.1088097,0.1033483,0.1111955
sunset,espelho,-0.0114583,-0.8135417,0.5813937,0.09606144,0.08905977,0.09217485
sunset,espelho,0.1031250,-0.8135417,0.5722894,0.1172896,0.1125105,0.1179062
sunset,espelho,0.2177083,-0.8135417,0.5392152,0.1287151,0.1254741,0.1354127
sunset,espelho,0.3322917,-0.8135417,0.4772130,0.1541167,0.1496456,0.1637111
sunset,espelho,-0.5843750,-0.6989583,0.4122658,0.2263205,0.2174744,0.2634218
sunset,espelho,-0.4697917,-0.6989583,0.5392152,0.1353531,0.1358851,0.1584218
sunset,espelho,-0.3552083,-0.6989583,0.6207127,0.1139101,0.1100996,0.1243567
sunset,espelho,-0.2406250,-0.6989583,0.6734663,0.1005936,0.09472904,0.1018951
sunset,espelho,-0.1260417,-0.6989583,0.7039679,0.07227008,0.06981768,0.07930418
sunset,espelho,-0.0114583,-0.6989583,0.7150706,0.06074561,0.06126186,0.07184137
sunset,espelho,0.1031250,-0.6989583,0.7076881,0.06990024,0.07229576,0.08482892
sunset,espelho,0.2177083,-0.6989583,0.6812197,0.1539837,0.163234,0.1908072
sunset,espelho,0.3322917,-0.6989583,0.6332768,0.0933075,0.09824657,0.1198223
sunset,espelho,0.4468750,-0.6989583,0.5583547,0.1579237,0.1541134,0.166284
sunset,espelho,0.5614583,-0.6989583,0.4429693,0.08068546,0.08038779,0.09084657
sunset,espelho,-0.6989583,-0.5843750,0.4122658,0.07900113,0.06183014,0.0738775
sunset,espelho,-0.5843750,-0.5843750,0.5630379,0.1241694,0.1169822,0.1424742
sunset,espelho,-0.4697917,-0.5843750,0.6616658,0.1203647,0.1140696,0.1306106
sunset,espelho,-0.3552083,-0.5843750,0.7296115,0.1111287,0.1084389,0.1236648
sunset,espelho,-0.2406250,-0.5843750,0.7749874,0.07748534,0.06922518,0.07560778
sunset,espelho,-0.1260417,-0.5843750,0.8016354,0.09814483,0.09438185,0.1022169
sunset,espelho,-0.0114583,-0.5843750,0.8114028,0.09256151,0.08875292,0.09546309
sunset,espelho,0.1031250,-0.5843750,0.8049044,0.09012881,0.0910999,0.1008685
sunset,espelho,0.2177083,-0.5843750,0.7817346,0.1406061,0.1535099,0.1822799
sunset,espelho,0.3322917,-0.5843750,0.7403297,0.1400524,0.1512195,0.1738829
sunset,espelho,0.4468750,-0.5843750,0.6773541,0.1181651,0.1263117,0.1476696
sunset,espelho,0.5614583,-0.5843750,0.5858928,0.1428392,0.1468166,0.1712938
sunset,espelho,0.6760417,-0.5843750,0.4488580,0.1061521,0.100003,0.1015894
sunset,espelho,-0.6989583,-0.4697917,0.5392152,0.1141002,0.1000057,0.1177415
sunset,espelho,-0.5843750,-0.4697917,0.6616658,0.09483445,0.08145773,0.09435312
sunset,espelho,-0.4697917,-0.4697917,0.7473898,0.2078763,0.1939835,0.2357321
sunset,espelho,-0.3552083,-0.4697917,0.8081602,0.1113027,0.1077692,0.1217856
sunset,espelho,-0.2406250,-0.4697917,0.8493500,0.1115095,0.107565,0.1244844
sunset,espelho,-0.1260417,-0.4697917,0.8737330,0.1201149,0.1108618,0.1241118
sunset,espelho,-0.0114583,-0.4697917,0.8827029,0.1239474,0.1218878,0.1366443
sunset,espelho,0.1031250,-0.4697917,0.8767332,0.1472437,0.155598,0.1884019
sunset,espelho,0.2177083,-0.4697917,0.8555109,0.153308,0.1666817,0.2064829
sunset,espelho,0.3322917,-0.4697917,0.8178496,0.110377,0.1266779,0.1625826
sunset,espelho,0.4468750,-0.4697917,0.7613137,0.09738464,0.1076997,0.1418297
sunset,espelho,0.5614583,-0.4697917,0.6812197,0.07637671,0.07520535,0.08584116
sunset,espelho,0.6760417,-0.4697917,0.5676825,0.2547683,0.2627494,0.3074159
sunset,espelho,0.7906250,-0.4697917,0.3926931,0.2264387,0.2064686,0.2075784
sunset,espelho,-0.8135417,-0.3552083,0.4604096,0.08030941,0.06824127,0.08472272
sunset,espelho,-0.6989583,-0.3552083,0.6207127,0.1034224,0.08965087,0.1057605
sunset,espelho,-0.5843750,-0.3552083,0.7296115,0.1137894,0.09050877,0.1009883
sunset,espelho,-0.4697917,-0.3552083,0.8081602,0.09284252,0.06913366,0.08074263
sunset,espelho,-0.3552083,-0.3552083,0.8646699,0.2146559,0.2068096,0.2420215
sunset,espelho,-0.2406250,-0.3552083,0.9032866,0.1331664,0.126775,0.1389893
sunset,espelho,-0.1260417,-0.3552083,0.9262508,0.1360519,0.1219579,0.1260703
sunset,espelho,-0.0114583,-0.3552083,0.9347169,0.1611415,0.1640372,0.178469
sunset,espelho,0.1031250,-0.3552083,0.9290814,0.1398007,0.1242578,0.1258411
sunset,espelho,0.2177083,-0.3552083,0.9090820,0.1615458,0.1662303,0.1864984
sunset,espelho,0.3322917,-0.3552083,0.8737330,0.134278,0.1361817,0.1484338
sunset,espelho,0.4468750,-0.3552083,0.8210541,0.2477074,0.2294004,0.2425058
sunset,espelho,0.5614583,-0.3552083,0.7473898,0.2945839,0.2677475,0.2812689
sunset,espelho,0.6760417,-0.3552083,0.6455964,0.0729861,0.1071679,0.1153056
sunset,espelho,0.7906250,-0.3552083,0.4987376,0.07398082,0.1127886,0.1311553
sunset,espelho,-0.8135417,-0.2406250,0.5293860,0.15019,0.1200859,0.14106
sunset,espelho,-0.6989583,-0.2406250,0.6734663,0.1021364,0.08106652,0.09540085
sunset,espelho,-0.5843750,-0.2406250,0.7749874,0.08898009,0.06888802,0.0806789
sunset,espelho,-0.4697917,-0.2406250,0.8493500,0.07876213,0.06061972,0.06956603
sunset,espelho,-0.3552083,-0.2406250,0.9032866,0.08424413,0.06193307,0.07054742
sunset,espelho,-0.2406250,-0.2406250,0.9403187,0.1466714,0.1453962,0.1644947
sunset,espelho,-0.1260417,-0.2406250,0.9623997,0.2457177,0.2285594,0.2488447
sunset,espelho,-0.0114583,-0.2406250,0.9705505,0.2414122,0.2283755,0.2544367
sunset,espelho,0.1031250,-0.2406250,0.9651243,0.2365511,0.2385339,0.2817095
sunset,espelho,0.2177083,-0.2406250,0.9458873,0.1638027,0.1643763,0.1755905
sunset,espelho,0.3322917,-0.2406250,0.9119659,0.277364,0.244547,0.2482841
sunset,espelho,0.4468750,-0.2406250,0.8616277,0.1941046,0.1960468,0.1859536
sunset,espelho,0.5614583,-0.2406250,0.7917475,0.2463145,0.2448855,0.2259714
sunset,espelho,0.6760417,-0.2406250,0.6964677,0.2337453,0.2401442,0.2337815
sunset,espelho,0.7906250,-0.2406250,0.5630379,0.1502891,0.1895244,0.2173193
sunset,espelho,-0.8135417,-0.1260417,0.5676825,0.1924734,0.1707673,0.1958881
sunset,espelho,-0.6989583,-0.1260417,0.7039679,0.1167407,0.08948863,0.1039247
sunset,espelho,-0.5843750,-0.1260417,0.8016354,0.1168677,0.08881997,0.1025656
sunset,espelho,-0.4697917,-0.1260417,0.8737330,0.1159735,0.08854378,0.1041121
sunset,espelho,-0.3552083,-0.1260417,0.9262508,0.1093993,0.0855228,0.1004789
sunset,espelho,-0.2406250,-0.1260417,0.9623997,0.09760409,0.09105655,0.1091818
sunset,espelho,-0.1260417,-0.1260417,0.9839853,0.2163331,0.2082848,0.2314834
sunset,espelho,-0.0114583,-0.1260417,0.9919588,0.03082239,0.02724519,0.03329042
sunset,espelho,0.1031250,-0.1260417,0.9866503,0.2033921,0.2223355,0.2315896
sunset,espelho,0.2177083,-0.1260417,0.9678412,0.4135338,0.3695028,0.3372239
sunset,espelho,0.3322917,-0.1260417,0.9347169,0.7879741,0.5754246,0.4393848
sunset,espelho,0.4468750,-0.1260417,0.8856728,1.601113,0.7621489,0.4081909
sunset,espelho,0.5614583,-0.1260417,0.8178496,0.8123995,0.6252202,0.4923817
sunset,espelho,0.6760417,-0.1260417,0.7260036,0.3819392,0.3627133,0.3475884
sunset,espelho,0.7906250,-0.1260417,0.5991875,0.2773691,0.3016379,0.3230532
sunset,espelho,0.9052083,-0.1260417,0.4058465,0.3102136,0.3445768,0.3980627
sunset,espelho,-0.8135417,-0.0114583,0.5813937,0.03204707,0.02118358,0.01963807
sunset,espelho,-0.6989583,-0.0114583,0.7150706,0.01652874,0.01218528,0.007213623
sunset,espelho,-0.5843750,-0.0114583,0.8114028,0.2573648,0.06446376,0.02869395
sunset,espelho,-0.4697917,-0.0114583,0.8827029,0.1710133,0.05209907,0.02672913
sunset,espelho,-0.3552083,-0.0114583,0.9347169,0.1407584,0.07171933,0.05444053
sunset,espelho,-0.2406250,-0.0114583,0.9705505,0.02475487,0.01507326,0.02371091
sunset,espelho,-0.1260417,-0.0114583,0.9919588,0.1413842,0.1442582,0.1987797
sunset,espelho,-0.0114583,-0.0114583,0.9998687,0.3711348,0.3734061,0.4084624
sunset,espelho,0.1031250,-0.0114583,0.9946024,0.6078681,0.5528663,0.5581041
sunset,espelho,0.2177083,-0.0114583,0.9759466,0.8065197,0.6865684,0.6315851
sunset,espelho,0.3322917,-0.0114583,0.9431071,1.115829,0.835146,0.6752755
sunset,espelho,0.4468750,-0.0114583,0.8945230,2.238074,1.14407,0.7107757
sunset,espelho,0.5614583,-0.0114583,0.8274257,1.676698,1.10902,0.7695188
sunset,espelho,0.6760417,-0.0114583,0.7367743,1.273799,0.9398661,0.7608606
sunset,espelho,0.7906250,-0.0114583,0.6121934,0.6766077,0.6128691,0.6352136
sunset,espelho,0.9052083,-0.0114583,0.4248136,0.3864952,0.429701,0.5309431
sunset,espelho,-0.8135417,0.1031250,0.5722894,0.08889689,0.0430899,0.01475274
sunset,espelho,-0.6989583,0.1031250,0.7076881,0.008149507,0.008602542,0.005766395
sunset,espelho,-0.5843750,0.1031250,0.8049044,0.586464,0.2777398,0.1360103
sunset,espelho,-0.4697917,0.1031250,0.8767332,0.3857218,0.2109777,0.1405807
sunset,espelho,-0.3552083,0.1031250,0.9290814,0.1566836,0.1324276,0.1418833
sunset,espelho,-0.2406250,0.1031250,0.9651243,0.6964086,0.8054618,0.9956979
sunset,espelho,-0.1260417,0.1031250,0.9866503,0.8222291,0.8632693,1.00852
sunset,espelho,-0.0114583,0.1031250,0.9946024,1.284795,1.159093,1.202775
sunset,espelho,0.1031250,0.1031250,0.9893081,1.941808,1.589933,1.435001
sunset,espelho,0.2177083,0.1031250,0.9705505,2.783592,2.086527,1.635577
sunset,espelho,0.3322917,0.1031250,0.9375220,4.12119,2.764858,1.803261
sunset,espelho,0.4468750,0.1031250,0.8886326,6.149551,3.591848,1.922867
sunset,espelho,0.5614583,0.1031250,0.8210541,4.371943,2.791152,1.709541
sunset,espelho,0.6760417,0.1031250,0.7296115,2.89395,1.955461,1.416088
sunset,espelho,0.7906250,0.1031250,0.6035539,1.670051,1.266715,1.126513
sunset,espelho,0.9052083,0.1031250,0.4122658,0.837414,0.7314095,0.8144094
sunset,espelho,-0.8135417,0.2177083,0.5392152,0.7423037,1.021646,1.423475
sunset,espelho,-0.6989583,0.2177083,0.6812197,0.07009292,0.08816148,0.1213151
sunset,espelho,-0.5843750,0.2177083,0.7817346,0.7742125,0.37541,0.1609698
sunset,espelho,-0.4697917,0.2177083,0.8555109,0.2684295,0.09946813,0.04486029
sunset,espelho,-0.3552083,0.2177083,0.9090820,0.4580241,0.6885325,1.114716
sunset,espelho,-0.2406250,0.2177083,0.9458873,0.4939967,0.7232261,1.155426
sunset,espelho,-0.1260417,0.2177083,0.9678412,0.5724689,0.7876185,1.208008
sunset,espelho,-0.0114583,0.2177083,0.9759466,0.8670749,1.022614,1.442281
sunset,espelho,0.1031250,0.2177083,0.9705505,1.288575,1.370657,1.711989
sunset,espelho,0.2177083,0.2177083,0.9514232,1.823228,1.774623,1.968446
sunset,espelho,0.3322917,0.2177083,0.9177066,2.586488,2.265502,2.21915
sunset,espelho,0.4468750,0.2177083,0.8677015,2.870626,2.51015,2.375358
sunset,espelho,0.5614583,0.2177083,0.7983531,2.668185,2.295599,2.164747
sunset,espelho,0.6760417,0.2177083,0.7039679,1.971881,1.782779,1.838855
sunset,espelho,0.7906250,0.2177083,0.5722894,1.245482,1.286005,1.481745
sunset,espelho,-0.8135417,0.3322917,0.4772130,0.629438,0.9420441,1.438295
sunset,espelho,-0.6989583,0.3322917,0.6332768,0.1609227,0.266978,0.3728808
sunset,espelho,-0.5843750,0.3322917,0.7403297,0.3326593,0.5900289,0.9989523
sunset,espelho,-0.4697917,0.3322917,0.8178496,0.3775695,0.6567045,1.192175
sunset,espelho,-0.3552083,0.3322917,0.8737330,0.3570376,0.5974911,1.066544
sunset,espelho,-0.2406250,0.3322917,0.9119659,0.3796392,0.6025496,1.056403
sunset,espelho,-0.1260417,0.3322917,0.9347169,0.4372571,0.6511635,1.118239
sunset,espelho,-0.0114583,0.3322917,0.9431071,0.5674565,0.7652415,1.237869
sunset,espelho,0.1031250,0.3322917,0.9375220,0.7972714,0.9729891,1.473602
sunset,espelho,0.2177083,0.3322917,0.9177066,1.115736,1.224022,1.650493
sunset,espelho,0.3322917,0.3322917,0.8827029,1.441386,1.490548,1.827076
sunset,espelho,0.4468750,0.3322917,0.8305932,1.542777,1.585665,1.916456
sunset,espelho,0.5614583,0.3322917,0.7578567,1.502253,1.533584,1.866422
sunset,espelho,0.6760417,0.3322917,0.6576853,1.181975,1.325662,1.736173
sunset,espelho,0.7906250,0.3322917,0.5142901,0.8341117,1.033253,1.463153
sunset,espelho,-0.6989583,0.4468750,0.5583547,0.4639908,0.811478,1.476651
sunset,espelho,-0.5843750,0.4468750,0.6773541,0.3627981,0.6644828,1.254747
sunset,espelho,-0.4697917,0.4468750,0.7613137,0.3159286,0.5674886,1.087943
sunset,espelho,-0.3552083,0.4468750,0.8210541,0.2776263,0.4915432,0.9599719
sunset,espelho,-0.2406250,0.4468750,0.8616277,0.2787168,0.4711997,0.9157014
sunset,espelho,-0.1260417,0.4468750,0.8856728,0.3216616,0.4978048,0.9348823
sunset,espelho,-0.0114583,0.4468750,0.8945230,0.3858596,0.5603076,1.010468
sunset,espelho,0.1031250,0.4468750,0.8886326,0.4832482,0.6518105,1.123303
sunset,espelho,0.2177083,0.4468750,0.8677015,0.6166978,0.7720358,1.273296
sunset,espelho,0.3322917,0.4468750,0.8305932,0.7304866,0.8864126,1.408185
sunset,espelho,0.4468750,0.4468750,0.7749874,0.8333846,0.9748155,1.484728
sunset,espelho,0.5614583,0.4468750,0.6964677,0.8401915,1.00985,1.504933
sunset,espelho,0.6760417,0.4468750,0.5858928,0.7137516,0.9310826,1.454553
sunset,espelho,0.7906250,0.4468750,0.4185867,0.5738358,0.8282732,1.316519
sunset,espelho,-0.6989583,0.5614583,0.4429693,0.4324887,0.7520012,1.33734
sunset,espelho,-0.5843750,0.5614583,0.5858928,0.3405644,0.625473,1.21822
sunset,espelho,-0.4697917,0.5614583,0.6812197,0.279502,0.5111073,1.015472
sunset,espelho,-0.3552083,0.5614583,0.7473898,0.2409754,0.4388557,0.8799981
sunset,espelho,-0.2406250,0.5614583,0.7917475,0.2240534,0.40143,0.7998825
sunset,espelho,-0.1260417,0.5614583,0.8178496,0.2450468,0.4062587,0.7851987
sunset,espelho,-0.0114583,0.5614583,0.8274257,0.2903806,0.4482361,0.8276693
sunset,espelho,0.1031250,0.5614583,0.8210541,0.3632175,0.5148152,0.9198483
sunset,espelho,0.2177083,0.5614583,0.7983531,0.4191536,0.5713192,0.9975753
sunset,espelho,0.3322917,0.5614583,0.7578567,0.4671886,0.6172555,1.079707
sunset,espelho,0.4468750,0.5614583,0.6964677,0.4725821,0.6383414,1.118547
sunset,espelho,0.5614583,0.5614583,0.6078890,0.4847864,0.6850446,1.175368
sunset,espelho,0.6760417,0.5614583,0.4772130,0.4725824,0.7124147,1.228185
sunset,espelho,-0.5843750,0.6760417,0.4488580,0.358863,0.6437593,1.197093
sunset,espelho,-0.4697917,0.6760417,0.5676825,0.2876734,0.5276614,1.058294
sunset,espelho,-0.3552083,0.6760417,0.6455964,0.2482525,0.4474269,0.8980601
sunset,espelho,-0.2406250,0.6760417,0.6964677,0.2205737,0.3952496,0.7875403
sunset,espelho,-0.1260417,0.6760417,0.7260036,0.2230066,0.3780714,0.730957
sunset,espelho,-0.0114583,0.6760417,0.7367743,0.2396197,0.3940949,0.7373129
sunset,espelho,0.1031250,0.6760417,0.7296115,0.2702411,0.4208645,0.7768103
sunset,espelho,0.2177083,0.6760417,0.7039679,0.300612,0.4496338,0.8247083
sunset,espelho,0.3322917,0.6760417,0.6576853,0.3208444,0.4773994,0.8798423
sunset,espelho,0.4468750,0.6760417,0.5858928,0.3323681,0.5124629,0.9564738
sunset,espelho,0.5614583,0.6760417,0.4772130,0.3608795,0.5808292,1.061885
sunset,espelho,-0.4697917,0.7906250,0.3926931,0.3446025,0.6157277,1.143163
sunset,espelho,-0.3552083,0.7906250,0.4987376,0.2728125,0.4993443,1.005957
sunset,espelho,-0.2406250,0.7906250,0.5630379,0.2353271,0.4314578,0.8645671
sunset,espelho,-0.1260417,0.7906250,0.5991875,0.2164754,0.3920552,0.7813844
sunset,espelho,-0.0114583,0.7906250,0.6121934,0.2136681,0.3728027,0.7381011
sunset,espelho,0.1031250,0.7906250,0.6035539,0.2129017,0.3710939,0.7352762
sunset,espelho,0.2177083,0.7906250,0.5722894,0.2299639,0.3914673,0.7652345
sunset,espelho,0.3322917,0.7906250,0.5142901,0.2536994,0.4327292,0.8528753
sunset,espelho,0.4468750,0.7906250,0.4185867,0.3064233,0.524813,1.000241
sunset,espelho,-0.1260417,0.9052083,0.4058465,0.2742587,0.4976169,0.9902721
sunset,espelho,-0.0114583,0.9052083,0.4248136,0.2552559,0.4646164,0.9309345
sunset,espelho,0.1031250,0.9052083,0.4122658,0.2594841,0.4694385,0.9315917
interior,difusa,-0.3552083,-0.8135417,0.4604096,0.339332,0.3072578,0.3086526
interior,difusa,-0.2406250,-0.8135417,0.5293860,0.3752398,0.3571556,0.3833482
interior,difusa,-0.1260417,-0.8135417,0.5676825,0.4170654,0.4176985,0.4766386
interior,difusa,-0.0114583,-0.8135417,0.5813937,0.4567082,0.4754719,0.5642392
interior,difusa,0.1031250,-0.8135417,0.5722894,0.50229,0.5414424,0.6646255
interior,difusa,0.2177083,-0.8135417,0.5392152,0.5481276,0.6078272,0.7652459
interior,difusa,0.3322917,-0.8135417,0.4772130,0.5804592,0.6589662,0.8447747
interior,difusa,-0.5843750,-0.6989583,0.4122658,0.337402,0.2879178,0.2593508
interior,difusa,-0.4697917,-0.6989583,0.5392152,0.3508356,0.3206899,0.3255573
interior,difusa,-0.3552083,-0.6989583,0.6207127,0.3832207,0.3682992,0.401111
interior,difusa,-0.2406250,-0.6989583,0.6734663,0.427662,0.4287083,0.4907149
interior,difusa,-0.1260417,-0.6989583,0.7039679,0.4706246,0.4875186,0.5792
interior,difusa,-0.0114583,-0.6989583,0.7150706,0.5231029,0.5614044,0.6899434
interior,difusa,0.1031250,-0.6989583,0.7076881,0.5755814,0.6316746,0.7935107
interior,difusa,0.2177083,-0.6989583,0.6812197,0.6287334,0.7091144,0.9101651
interior,difusa,0.3322917,-0.6989583,0.6332768,0.6788488,0.7784651,1.013353
interior,difusa,0.4468750,-0.6989583,0.5583547,0.717631,0.8332618,1.094397
interior,difusa,0.5614583,-0.6989583,0.4429693,0.7335641,0.8594992,1.135244
interior,difusa,-0.6989583,-0.5843750,0.4122658,0.3954092,0.3253252,0.2694208
interior,difusa,-0.5843750,-0.5843750,0.5630379,0.3805024,0.3390362,0.3289579
interior,difusa,-0.4697917,-0.5843750,0.6616658,0.387775,0.3715911,0.4017723
interior,difusa,-0.3552083,-0.5843750,0.7296115,0.422547,0.4202469,0.4778054
interior,difusa,-0.2406250,-0.5843750,0.7749874,0.465419,0.4772696,0.562472
interior,difusa,-0.1260417,-0.5843750,0.8016354,0.517643,0.5458868,0.6629334
interior,difusa,-0.0114583,-0.5843750,0.8114028,0.5758087,0.621196,0.7735578
interior,difusa,0.1031250,-0.5843750,0.8049044,0.6411279,0.7103458,0.9043269
interior,difusa,0.2177083,-0.5843750,0.7817346,0.7072291,0.7967345,1.02892
interior,difusa,0.3322917,-0.5843750,0.7403297,0.7677573,0.8771294,1.145736
interior,difusa,0.4468750,-0.5843750,0.6773541,0.8087571,0.9325867,1.225788
interior,difusa,0.5614583,-0.5843750,0.5858928,0.8450342,0.9808342,1.297079
interior,difusa,0.6760417,-0.5843750,0.4488580,0.8580332,1.000913,1.325384
interior,difusa,-0.6989583,-0.4697917,0.5392152,0.4332325,0.3689641,0.3265934
interior,difusa,-0.5843750,-0.4697917,0.6616658,0.4255067,0.3926907,0.4010955
interior,difusa,-0.4697917,-0.4697917,0.7473898,0.4241743,0.4142931,0.4616866
interior,difusa,-0.3552083,-0.4697917,0.8081602,0.4620156,0.4653179,0.5383959
interior,difusa,-0.2406250,-0.4697917,0.8493500,0.5087155,0.5266947,0.6306264
interior,difusa,-0.1260417,-0.4697917,0.8737330,0.5630518,0.5942012,0.726104
interior,difusa,-0.0114583,-0.4697917,0.8827029,0.6265051,0.679952,0.8547725
interior,difusa,0.1031250,-0.4697917,0.8767332,0.7027366,0.7772291,0.9947397
interior,difusa,0.2177083,-0.4697917,0.8555109,0.7762912,0.8738792,1.131789
interior,difusa,0.3322917,-0.4697917,0.8178496,0.8337913,0.9476814,1.239603
interior,difusa,0.4468750,-0.4697917,0.7613137,0.8872148,1.014546,1.333236
interior,difusa,0.5614583,-0.4697917,0.6812197,0.937443,1.078562,1.423659
interior,difusa,0.6760417,-0.4697917,0.5676825,0.9635613,1.11552,1.479616
interior,difusa,0.7906250,-0.4697917,0.3926931,0.9717627,1.121306,1.477689
interior,difusa,-0.8135417,-0.3552083,0.4604096,0.4812532,0.3882061,0.304587
interior,difusa,-0.6989583,-0.3552083,0.6207127,0.4715827,0.4123484,0.3818434
interior,difusa,-0.5843750,-0.3552083,0.7296115,0.4675803,0.4370866,0.4549813
interior,difusa,-0.4697917,-0.3552083,0.8081602,0.4674294,0.461255,0.5208689
interior,difusa,-0.3552083,-0.3552083,0.8646699,0.4920581,0.4984355,0.585539
interior,difusa,-0.2406250,-0.3552083,0.9032866,0.5427274,0.5620962,0.6778807
interior,difusa,-0.1260417,-0.3552083,0.9262508,0.6038389,0.642071,0.795495
interior,difusa,-0.0114583,-0.3552083,0.9347169,0.6788971,0.7321038,0.9215408
interior,difusa,0.1031250,-0.3552083,0.9290814,0.766304,0.8431939,1.079519
interior,difusa,0.2177083,-0.3552083,0.9090820,0.8318235,0.9307194,1.207151
interior,difusa,0.3322917,-0.3552083,0.8737330,0.8950208,1.008483,1.316829
interior,difusa,0.4468750,-0.3552083,0.8210541,0.9642376,1.094028,1.435279
interior,difusa,0.5614583,-0.3552083,0.7473898,1.007246,1.15174,1.518446
interior,difusa,0.6760417,-0.3552083,0.6455964,1.04047,1.19274,1.575922
interior,difusa,0.7906250,-0.3552083,0.4987376,1.097572,1.24905,1.635897
interior,difusa,-0.8135417,-0.2406250,0.5293860,0.5164992,0.4232377,0.3423067
interior,difusa,-0.6989583,-0.2406250,0.6734663,0.5145754,0.4534566,0.4266773
interior,difusa,-0.5843750,-0.2406250,0.7749874,0.5107859,0.4776762,0.4985724
interior,difusa,-0.4697917,-0.2406250,0.8493500,0.5156579,0.5027178,0.561394
interior,difusa,-0.3552083,-0.2406250,0.9032866,0.5227088,0.5287914,0.624314
interior,difusa,-0.2406250,-0.2406250,0.9403187,0.5831168,0.5981379,0.716588
interior,difusa,-0.1260417,-0.2406250,0.9623997,0.6606789,0.6952502,0.8578473
interior,difusa,-0.0114583,-0.2406250,0.9705505,0.7285159,0.7845352,0.9892418
interior,difusa,0.1031250,-0.2406250,0.9651243,0.8148066,0.8908444,1.140189
interior,difusa,0.2177083,-0.2406250,0.9458873,0.8862246,0.9820529,1.271043
interior,difusa,0.3322917,-0.2406250,0.9119659,0.9542542,1.069501,1.395667
interior,difusa,0.4468750,-0.2406250,0.8616277,1.02042,1.151806,1.511612
interior,difusa,0.5614583,-0.2406250,0.7917475,1.05903,1.205837,1.589059
interior,difusa,0.6760417,-0.2406250,0.6964677,1.139132,1.279401,1.668902
interior,difusa,0.7906250,-0.2406250,0.5630379,1.198819,1.337352,1.729324
interior,difusa,-0.8135417,-0.1260417,0.5676825,0.5540202,0.4563736,0.3741742
interior,difusa,-0.6989583,-0.1260417,0.7039679,0.5503416,0.487768,0.4640162
interior,difusa,-0.5843750,-0.1260417,0.8016354,0.5527621,0.5143476,0.5346943
interior,difusa,-0.4697917,-0.1260417,0.8737330,0.5504687,0.5333972,0.5935304
interior,difusa,-0.3552083,-0.1260417,0.9262508,0.5667279,0.5625404,0.654178
interior,difusa,-0.2406250,-0.1260417,0.9623997,0.6260364,0.6385695,0.7673706
interior,difusa,-0.1260417,-0.1260417,0.9839853,0.6978894,0.7287943,0.8983491
interior,difusa,-0.0114583,-0.1260417,0.9919588,0.780197,0.8303282,1.04161
interior,difusa,0.1031250,-0.1260417,0.9866503,0.8578726,0.9318275,1.189133
interior,difusa,0.2177083,-0.1260417,0.9678412,0.9377009,1.029658,1.328011
interior,difusa,0.3322917,-0.1260417,0.9347169,0.9952664,1.106424,1.436725
interior,difusa,0.4468750,-0.1260417,0.8856728,1.062058,1.188222,1.553389
interior,difusa,0.5614583,-0.1260417,0.8178496,1.155892,1.286067,1.671522
interior,difusa,0.6760417,-0.1260417,0.7260036,1.234676,1.365708,1.763809
interior,difusa,0.7906250,-0.1260417,0.5991875,1.298753,1.432392,1.840912
interior,difusa,0.9052083,-0.1260417,0.4058465,1.335076,1.452068,1.838294
interior,difusa,-0.8135417,-0.0114583,0.5813937,0.5981826,0.4922485,0.4047001
interior,difusa,-0.6989583,-0.0114583,0.7150706,0.6011726,0.527118,0.4960316
interior,difusa,-0.5843750,-0.0114583,0.8114028,0.6060224,0.5539009,0.5638731
interior,difusa,-0.4697917,-0.0114583,0.8827029,0.6006476,0.5708159,0.6224357
interior,difusa,-0.3552083,-0.0114583,0.9347169,0.6130213,0.5977927,0.6839562
interior,difusa,-0.2406250,-0.0114583,0.9705505,0.6594436,0.6689778,0.8025501
interior,difusa,-0.1260417,-0.0114583,0.9919588,0.7284558,0.7554906,0.9243221
interior,difusa,-0.0114583,-0.0114583,0.9998687,0.8064703,0.8529629,1.066377
interior,difusa,0.1031250,-0.0114583,0.9946024,0.9018024,0.9724033,1.235574
interior,difusa,0.2177083,-0.0114583,0.9759466,0.9811877,1.0677,1.369666
interior,difusa,0.3322917,-0.0114583,0.9431071,1.051626,1.162057,1.50735
interior,difusa,0.4468750,-0.0114583,0.8945230,1.146723,1.261505,1.628641
interior,difusa,0.5614583,-0.0114583,0.8274257,1.231434,1.351284,1.737849
interior,difusa,0.6760417,-0.0114583,0.7367743,1.319311,1.440213,1.839776
interior,difusa,0.7906250,-0.0114583,0.6121934,1.374586,1.492719,1.89522
interior,difusa,0.9052083,-0.0114583,0.4248136,1.413318,1.518344,1.904646
interior,difusa,-0.8135417,0.1031250,0.5722894,0.6346463,0.5185598,0.4221993
interior,difusa,-0.6989583,0.1031250,0.7076881,0.636979,0.550773,0.5099786
interior,difusa,-0.5843750,0.1031250,0.8049044,0.6431304,0.5785987,0.5786212
interior,difusa,-0.4697917,0.1031250,0.8767332,0.6491752,0.602535,0.6402599
interior,difusa,-0.3552083,0.1031250,0.9290814,0.6640834,0.6389542,0.717854
interior,difusa,-0.2406250,0.1031250,0.9651243,0.6993558,0.6953497,0.819535
interior,difusa,-0.1260417,0.1031250,0.9866503,0.7608668,0.7814063,0.9536379
interior,difusa,-0.0114583,0.1031250,0.9946024,0.8460112,0.8953025,1.122662
interior,difusa,0.1031250,0.1031250,0.9893081,0.9327713,0.9974179,1.262998
interior,difusa,0.2177083,0.1031250,0.9705505,1.032528,1.113593,1.417765
interior,difusa,0.3322917,0.1031250,0.9375220,1.141765,1.231497,1.569039
interior,difusa,0.4468750,0.1031250,0.8886326,1.228759,1.326422,1.688974
interior,difusa,0.5614583,0.1031250,0.8210541,1.304278,1.405568,1.783443
interior,difusa,0.6760417,0.1031250,0.7296115,1.390087,1.494893,1.889064
interior,difusa,0.7906250,0.1031250,0.6035539,1.461406,1.558925,1.951542
interior,difusa,0.9052083,0.1031250,0.4122658,1.491926,1.578715,1.95654
interior,difusa,-0.8135417,0.2177083,0.5392152,0.6569033,0.532998,0.4268248
interior,difusa,-0.6989583,0.2177083,0.6812197,0.6700682,0.5737042,0.5196282
interior,difusa,-0.5843750,0.2177083,0.7817346,0.6810267,0.6029608,0.589632
interior,difusa,-0.4697917,0.2177083,0.8555109,0.6959258,0.6330894,0.6564902
interior,difusa,-0.3552083,0.2177083,0.9090820,0.7143645,0.6701886,0.7323716
interior,difusa,-0.2406250,0.2177083,0.9458873,0.743627,0.7277627,0.8447292
interior,difusa,-0.1260417,0.2177083,0.9678412,0.7987432,0.8096489,0.9793368
interior,difusa,-0.0114583,0.2177083,0.9759466,0.8800902,0.9121343,1.126327
interior,difusa,0.1031250,0.2177083,0.9705505,0.985818,1.037647,1.296681
interior,difusa,0.2177083,0.2177083,0.9514232,1.10302,1.164275,1.455227
interior,difusa,0.3322917,0.2177083,0.9177066,1.197841,1.270924,1.593838
interior,difusa,0.4468750,0.2177083,0.8677015,1.280564,1.361644,1.710028
interior,difusa,0.5614583,0.2177083,0.7983531,1.381615,1.467772,1.83844
interior,difusa,0.6760417,0.2177083,0.7039679,1.46053,1.540029,1.917191
interior,difusa,0.7906250,0.2177083,0.5722894,1.518366,1.599886,1.985232
interior,difusa,-0.8135417,0.3322917,0.4772130,0.6979922,0.552995,0.4209407
interior,difusa,-0.6989583,0.3322917,0.6332768,0.7086762,0.5925137,0.5175269
interior,difusa,-0.5843750,0.3322917,0.7403297,0.7100658,0.6152967,0.5834501
interior,difusa,-0.4697917,0.3322917,0.8178496,0.7328707,0.6533388,0.6600216
interior,difusa,-0.3552083,0.3322917,0.8737330,0.7519203,0.691533,0.738703
interior,difusa,-0.2406250,0.3322917,0.9119659,0.7872578,0.7549521,0.8557546
interior,difusa,-0.1260417,0.3322917,0.9347169,0.847701,0.8419765,0.9957208
interior,difusa,-0.0114583,0.3322917,0.9431071,0.9476914,0.9633132,1.16716
interior,difusa,0.1031250,0.3322917,0.9375220,1.057624,1.087883,1.331896
interior,difusa,0.2177083,0.3322917,0.9177066,1.15686,1.199978,1.479453
interior,difusa,0.3322917,0.3322917,0.8827029,1.267349,1.314377,1.620332
interior,difusa,0.4468750,0.3322917,0.8305932,1.352136,1.411379,1.744415
interior,difusa,0.5614583,0.3322917,0.7578567,1.443748,1.502544,1.852253
interior,difusa,0.6760417,0.3322917,0.6576853,1.520386,1.586986,1.954559
interior,difusa,0.7906250,0.3322917,0.5142901,1.595697,1.64271,1.993472
interior,difusa,-0.6989583,0.4468750,0.5583547,0.7966669,0.6518157,0.5227593
interior,difusa,-0.5843750,0.4468750,0.6773541,0.7497047,0.6349545,0.5800555
interior,difusa,-0.4697917,0.4468750,0.7613137,0.7706079,0.6714101,0.6551955
interior,difusa,-0.3552083,0.4468750,0.8210541,0.7906181,0.7099222,0.7355595
interior,difusa,-0.2406250,0.4468750,0.8616277,0.8548617,0.7966515,0.871196
interior,difusa,-0.1260417,0.4468750,0.8856728,0.9273822,0.8913857,1.016529
interior,difusa,-0.0114583,0.4468750,0.8945230,1.015768,1.00747,1.190781
interior,difusa,0.1031250,0.4468750,0.8886326,1.110751,1.116377,1.339541
interior,difusa,0.2177083,0.4468750,0.8677015,1.215817,1.235175,1.494086
interior,difusa,0.3322917,0.4468750,0.8305932,1.311162,1.339245,1.625187
interior,difusa,0.4468750,0.4468750,0.7749874,1.408214,1.443624,1.758369
interior,difusa,0.5614583,0.4468750,0.6964677,1.495698,1.532814,1.859276
interior,difusa,0.6760417,0.4468750,0.5858928,1.631191,1.661374,1.970919
interior,difusa,0.7906250,0.4468750,0.4185867,1.792322,1.797435,2.047398
interior,difusa,-0.6989583,0.5614583,0.4429693,0.9697602,0.7860467,0.5510924
interior,difusa,-0.5843750,0.5614583,0.5858928,0.9074764,0.752415,0.5993205
interior,difusa,-0.4697917,0.5614583,0.6812197,0.9046832,0.7709883,0.6842405
interior,difusa,-0.3552083,0.5614583,0.7473898,0.9276394,0.8115284,0.7794859
interior,difusa,-0.2406250,0.5614583,0.7917475,0.9640671,0.8717968,0.9013008
interior,difusa,-0.1260417,0.5614583,0.8178496,1.023124,0.9535697,1.039305
interior,difusa,-0.0114583,0.5614583,0.8274257,1.113031,1.064959,1.203462
interior,difusa,0.1031250,0.5614583,0.8210541,1.18621,1.16397,1.348204
interior,difusa,0.2177083,0.5614583,0.7983531,1.308775,1.292124,1.502178
interior,difusa,0.3322917,0.5614583,0.7578567,1.426159,1.417458,1.644688
interior,difusa,0.4468750,0.5614583,0.6964677,1.556526,1.547706,1.781575
interior,difusa,0.5614583,0.5614583,0.6078890,1.697538,1.685307,1.912185
interior,difusa,0.6760417,0.5614583,0.4772130,1.827424,1.804118,1.998052
interior,difusa,-0.5843750,0.6760417,0.4488580,1.151595,0.939248,0.6560308
interior,difusa,-0.4697917,0.6760417,0.5676825,1.139405,0.9480811,0.7406
interior,difusa,-0.3552083,0.6760417,0.6455964,1.143506,0.9739664,0.8310292
interior,difusa,-0.2406250,0.6760417,0.6964677,1.18008,1.036036,0.9578813
interior,difusa,-0.1260417,0.6760417,0.7260036,1.237761,1.113855,1.08543
interior,difusa,-0.0114583,0.6760417,0.7367743,1.30756,1.208645,1.235797
interior,difusa,0.1031250,0.6760417,0.7296115,1.387607,1.314329,1.392227
interior,difusa,0.2177083,0.6760417,0.7039679,1.480152,1.424109,1.539659
interior,difusa,0.3322917,0.6760417,0.6576853,1.616433,1.562776,1.690822
interior,difusa,0.4468750,0.6760417,0.5858928,1.746461,1.694496,1.823883
interior,difusa,0.5614583,0.6760417,0.4772130,1.879608,1.816856,1.924208
interior,difusa,-0.4697917,0.7906250,0.3926931,1.392446,1.139506,0.7880183
interior,difusa,-0.3552083,0.7906250,0.4987376,1.388741,1.155383,0.8725325
interior,difusa,-0.2406250,0.7906250,0.5630379,1.41605,1.210418,0.9979423
interior,difusa,-0.1260417,0.7906250,0.5991875,1.465068,1.28348,1.133525
interior,difusa,-0.0114583,0.7906250,0.6121934,1.539521,1.377766,1.276213
interior,difusa,0.1031250,0.7906250,0.6035539,1.613182,1.474805,1.418692
interior,difusa,0.2177083,0.7906250,0.5722894,1.699018,1.580927,1.564127
interior,difusa,0.3322917,0.7906250,0.5142901,1.820051,1.706934,1.701316
interior,difusa,0.4468750,0.7906250,0.4185867,1.92512,1.816475,1.806602
interior,difusa,-0.1260417,0.9052083,0.4058465,1.713348,1.461988,1.150005
interior,difusa,-0.0114583,0.9052083,0.4248136,1.783134,1.553028,1.292622
interior,difusa,0.1031250,0.9052083,0.4122658,1.847821,1.639126,1.419465
interior,espelho,-0.3552083,-0.8135417,0.4604096,0.2368006,0.1477307,0.06531448
interior,espelho,-0.2406250,-0.8135417,0.5293860,0.355838,0.223829,0.09831398
interior,espelho,-0.1260417,-0.8135417,0.5676825,0.3381547,0.2157711,0.09813946
interior,espelho,-0.0114583,-0.8135417,0.5813937,0.4598247,0.291164,0.1310148
interior,espelho,0.1031250,-0.8135417,0.5722894,0.353349,0.2271429,0.1078391
interior,espelho,0.2177083,-0.8135417,0.5392152,0.3148341,0.2079895,0.1044714
interior,espelho,0.3322917,-0.8135417,0.4772130,0.01101575,0.007446081,0.0048699
interior,espelho,-0.5843750,-0.6989583,0.4122658,0.2968184,0.1796433,0.06665094
interior,espelho,-0.4697917,-0.6989583,0.5392152,0.210304,0.1325368,0.06193275
interior,espelho,-0.3552083,-0.6989583,0.6207127,0.1897015,0.1315972,0.06877141
interior,espelho,-0.2406250,-0.6989583,0.6734663,0.08300563,0.05337479,0.02972515
interior,espelho,-0.1260417,-0.6989583,0.7039679,0.2392806,0.1567537,0.0839427
interior,espelho,-0.0114583,-0.6989583,0.7150706,0.01802758,0.01158247,0.007325958
interior,espelho,0.1031250,-0.6989583,0.7076881,0.1895703,0.1229144,0.0618718
interior,espelho,0.2177083,-0.6989583,0.6812197,0.524371,0.3442936,0.1804969
interior,espelho,0.3322917,-0.6989583,0.6332768,0.3325594,0.2103328,0.1020506
interior,espelho,0.4468750,-0.6989583,0.5583547,0.01880252,0.0115836,0.005935505
interior,espelho,0.5614583,-0.6989583,0.4429693,0.00582731,0.004631463,0.004401274
interior,espelho,-0.6989583,-0.5843750,0.4122658,0.1761719,0.1094937,0.04438783
interior,espelho,-0.5843750,-0.5843750,0.5630379,0.3636777,0.2763541,0.2373778
interior,espelho,-0.4697917,-0.5843750,0.6616658,0.1001032,0.06166629,0.009281247
interior,espelho,-0.3552083,-0.5843750,0.7296115,0.1088434,0.06611397,0.008982833
interior,espelho,-0.2406250,-0.5843750,0.7749874,0.1130217,0.06945641,0.009602942
interior,espelho,-0.1260417,-0.5843750,0.8016354,0.1169612,0.07414798,0.01267344
interior,espelho,-0.0114583,-0.5843750,0.8114028,0.09617147,0.06383597,0.01718672
interior,espelho,0.1031250,-0.5843750,0.8049044,0.07338423,0.05285848,0.03937404
interior,espelho,0.2177083,-0.5843750,0.7817346,0.05897002,0.04283445,0.02937491
interior,espelho,0.3322917,-0.5843750,0.7403297,0.3197728,0.2460792,0.2155705
interior,espelho,0.4468750,-0.5843750,0.6773541,0.0432151,0.03069145,0.02278667
interior,espelho,0.5614583,-0.5843750,0.5858928,0.08721003,0.05273869,0.02347925
interior,espelho,0.6760417,-0.5843750,0.4488580,0.0484085,0.03303871,0.02239813
interior,espelho,-0.6989583,-0.4697917,0.5392152,0.4657157,0.3963666,0.3854557
interior,espelho,-0.5843750,-0.4697917,0.6616658,0.2206313,0.1502617,0.09930435
interior,espelho,-0.4697917,-0.4697917,0.7473898,0.1579112,0.1033811,0.02168459
interior,espelho,-0.3552083,-0.4697917,0.8081602,0.1555218,0.1038691,0.02449651
interior,espelho,-0.2406250,-0.4697917,0.8493500,0.1581885,0.1067738,0.02790615
interior,espelho,-0.1260417,-0.4697917,0.8737330,0.1711179,0.1191777,0.03387531
interior,espelho,-0.0114583,-0.4697917,0.8827029,0.1649493,0.118656,0.0396999
interior,espelho,0.1031250,-0.4697917,0.8767332,0.1880658,0.1432591,0.05214226
interior,espelho,0.2177083,-0.4697917,0.8555109,0.06788642,0.04915877,0.03121905
interior,espelho,0.3322917,-0.4697917,0.8178496,0.1283194,0.09367548,0.06749294
interior,espelho,0.4468750,-0.4697917,0.7613137,0.1805779,0.1259918,0.0849777
interior,espelho,0.5614583,-0.4697917,0.6812197,0.7115364,0.5654727,0.1168997
interior,espelho,0.6760417,-0.4697917,0.5676825,0.1673651,0.1288953,0.0270249
interior,espelho,0.7906250,-0.4697917,0.3926931,0.3696404,0.2828363,0.1881684
interior,espelho,-0.8135417,-0.3552083,0.4604096,0.5448238,0.4627456,0.4342377
interior,espelho,-0.6989583,-0.3552083,0.6207127,0.4562709,0.3820893,0.3728237
interior,espelho,-0.5843750,-0.3552083,0.7296115,0.2400192,0.1873833,0.1638023
interior,espelho,-0.4697917,-0.3552083,0.8081602,0.630146,0.4844904,0.3539054
interior,espelho,-0.3552083,-0.3552083,0.8646699,0.7254285,0.57726,0.4883222
interior,espelho,-0.2406250,-0.3552083,0.9032866,0.7626255,0.6274239,0.5708925
interior,espelho,-0.1260417,-0.3552083,0.9262508,0.8567421,0.7482955,0.7614717
interior,espelho,-0.0114583,-0.3552083,0.9347169,0.7451655,0.6623111,0.6312923
interior,espelho,0.1031250,-0.3552083,0.9290814,0.242742,0.1918178,0.08701117
interior,espelho,0.2177083,-0.3552083,0.9090820,0.2747746,0.2153895,0.08876704
interior,espelho,0.3322917,-0.3552083,0.8737330,0.1077539,0.0757411,0.04644159
interior,espelho,0.4468750,-0.3552083,0.8210541,0.3063866,0.2226323,0.1484597
interior,espelho,0.5614583,-0.3552083,0.7473898,0.3652076,0.2773523,0.1909233
interior,espelho,0.6760417,-0.3552083,0.6455964,0.2285879,0.1596841,0.008819305
interior,espelho,0.7906250,-0.3552083,0.4987376,0.3323972,0.2404587,0.1540542
interior,espelho,-0.8135417,-0.2406250,0.5293860,0.5575436,0.4705228,0.4472038
interior,espelho,-0.6989583,-0.2406250,0.6734663,0.4759862,0.4083294,0.4036126
interior,espelho,-0.5843750,-0.2406250,0.7749874,0.1134599,0.1333852,0.1433329
interior,espelho,-0.4697917,-0.2406250,0.8493500,0.009768414,0.006083949,0.00325659
interior,espelho,-0.3552083,-0.2406250,0.9032866,0.6786628,0.5502929,0.4688298
interior,espelho,-0.2406250,-0.2406250,0.9403187,0.6922393,0.5688595,0.5256091
interior,espelho,-0.1260417,-0.2406250,0.9623997,0.7651885,0.6856222,0.7222553
interior,espelho,-0.0114583,-0.2406250,0.9705505,0.8875768,0.8515385,0.9913705
interior,espelho,0.1031250,-0.2406250,0.9651243,1.009043,1.068346,1.418824
interior,espelho,0.2177083,-0.2406250,0.9458873,0.2565347,0.2308877,0.2412197
interior,espelho,0.3322917,-0.2406250,0.9119659,0.3490598,0.2653235,0.1980891
interior,espelho,0.4468750,-0.2406250,0.8616277,0.4633422,0.4099234,0.4061776
interior,espelho,0.5614583,-0.2406250,0.7917475,0.8792604,1.079015,1.564159
interior,espelho,0.6760417,-0.2406250,0.6964677,0.06085377,0.04331665,0.01681778
interior,espelho,0.7906250,-0.2406250,0.5630379,0.3951618,0.3036116,0.2439289
interior,espelho,-0.8135417,-0.1260417,0.5676825,0.05632114,0.07337413,0.07256109
interior,espelho,-0.6989583,-0.1260417,0.7039679,0.5307879,0.506032,0.5690371
interior,espelho,-0.5843750,-0.1260417,0.8016354,0.1453599,0.167525,0.1773985
interior,espelho,-0.4697917,-0.1260417,0.8737330,0.02421946,0.01610062,0.009620925
interior,espelho,-0.3552083,-0.1260417,0.9262508,0.4173957,0.3440132,0.307839
interior,espelho,-0.2406250,-0.1260417,0.9623997,0.6103357,0.4959116,0.4489095
interior,espelho,-0.1260417,-0.1260417,0.9839853,0.7665578,0.66417,0.6626773
interior,espelho,-0.0114583,-0.1260417,0.9919588,0.003936599,0.003532092,0.003790188
interior,espelho,0.1031250,-0.1260417,0.9866503,0.1054002,0.09539019,0.09886714
interior,espelho,0.2177083,-0.1260417,0.9678412,2.333939,3.624859,6.25268
interior,espelho,0.3322917,-0.1260417,0.9347169,0.5871838,0.613948,0.7389519
interior,espelho,0.4468750,-0.1260417,0.8856728,0.7344611,0.7330675,0.7833816
interior,espelho,0.5614583,-0.1260417,0.8178496,4.717299,6.846553,10.15093
interior,espelho,0.6760417,-0.1260417,0.7260036,0.7840199,0.9610662,1.296739
interior,espelho,0.7906250,-0.1260417,0.5991875,0.2698238,0.1742526,0.09113462
interior,espelho,0.9052083,-0.1260417,0.4058465,0.5451316,0.5039991,0.5338906
interior,espelho,-0.8135417,-0.0114583,0.5813937,0.3808985,0.401804,0.3103953
interior,espelho,-0.6989583,-0.0114583,0.7150706,0.5595572,0.4842631,0.4634359
interior,espelho,-0.5843750,-0.0114583,0.8114028,0.179959,0.2003394,0.2002176
interior,espelho,-0.4697917,-0.0114583,0.8827029,0.0292796,0.01972403,0.01262835
interior,espelho,-0.3552083,-0.0114583,0.9347169,0.370761,0.2646572,0.1349391
interior,espelho,-0.2406250,-0.0114583,0.9705505,0.0289858,0.02676214,0.02509202
interior,espelho,-0.1260417,-0.0114583,0.9919588,0.7532903,1.002872,1.284254
interior,espelho,-0.0114583,-0.0114583,0.9998687,0.03091572,0.02313339,0.01649027
interior,espelho,0.1031250,-0.0114583,0.9946024,0.1096288,0.08149604,0.06483296
interior,espelho,0.2177083,-0.0114583,0.9759466,4.747038,6.602903,10.16433
interior,espelho,0.3322917,-0.0114583,0.9431071,0.6426781,0.6705071,0.7886033
interior,espelho,0.4468750,-0.0114583,0.8945230,0.6642324,0.5852844,0.5636629
interior,espelho,0.5614583,-0.0114583,0.8274257,3.478572,4.377275,5.871916
interior,espelho,0.6760417,-0.0114583,0.7367743,3.3079,4.829209,7.605299
interior,espelho,0.7906250,-0.0114583,0.6121934,0.2200533,0.1424902,0.06742771
interior,espelho,0.9052083,-0.0114583,0.4248136,0.6786414,0.6214113,0.6496387
interior,espelho,-0.8135417,0.1031250,0.5722894,0.2236675,0.2652222,0.234689
interior,espelho,-0.6989583,0.1031250,0.7076881,0.5728905,0.482042,0.4624642
interior,espelho,-0.5843750,0.1031250,0.8049044,0.2141926,0.2294827,0.217605
interior,espelho,-0.4697917,0.1031250,0.8767332,0.05880204,0.04079114,0.02467478
interior,espelho,-0.3552083,0.1031250,0.9290814,0.187247,0.1508411,0.1155384
interior,espelho,-0.2406250,0.1031250,0.9651243,0.3993202,0.3185519,0.2433981
interior,espelho,-0.1260417,0.1031250,0.9866503,0.6514544,0.3861696,0.2163547
interior,espelho,-0.0114583,0.1031250,0.9946024,0.06440122,0.0494921,0.03261057
interior,espelho,0.1031250,0.1031250,0.9893081,0.1638278,0.1141602,0.07202225
interior,espelho,0.2177083,0.1031250,0.9705505,4.032111,5.382359,8.699249
interior,espelho,0.3322917,0.1031250,0.9375220,0.6750078,0.6736764,0.7688954
interior,espelho,0.4468750,0.1031250,0.8886326,0.6929153,0.6367071,0.6410661
interior,espelho,0.5614583,0.1031250,0.8210541,9.971215,13.73989,19.62486
interior,espelho,0.6760417,0.1031250,0.7296115,1.422351,1.790918,2.399509
interior,espelho,0.7906250,0.1031250,0.6035539,0.3393733,0.2060618,0.09567076
interior,espelho,0.9052083,0.1031250,0.4122658,0.7511619,0.6274135,0.5815241
interior,espelho,-0.8135417,0.2177083,0.5392152,0.1576161,0.2481106,0.1705655
interior,espelho,-0.6989583,0.2177083,0.6812197,0.5769563,0.4782837,0.4502837
interior,espelho,-0.5843750,0.2177083,0.7817346,0.1909674,0.2032915,0.195454
interior,espelho,-0.4697917,0.2177083,0.8555109,0.07136918,0.04400926,0.02367294
interior,espelho,-0.3552083,0.2177083,0.9090820,0.06700663,0.05869615,0.04868422
interior,espelho,-0.2406250,0.2177083,0.9458873,0.2883374,0.2538246,0.2207457
interior,espelho,-0.1260417,0.2177083,0.9678412,0.2797836,0.2529213,0.2303313
interior,espelho,-0.0114583,0.2177083,0.9759466,0.03345873,0.02658194,0.0206743
interior,espelho,0.1031250,0.2177083,0.9705505,0.2416516,0.161895,0.09350614
interior,espelho,0.2177083,0.2177083,0.9514232,2.332142,3.252769,5.153786
interior,espelho,0.3322917,0.2177083,0.9177066,0.6871389,0.4796023,0.3511129
interior,espelho,0.4468750,0.2177083,0.8677015,0.7516035,0.6277839,0.578624
interior,espelho,0.5614583,0.2177083,0.7983531,8.09761,12.14056,17.88453
interior,espelho,0.6760417,0.2177083,0.7039679,0.2256604,0.1547914,0.08869584
interior,espelho,0.7906250,0.2177083,0.5722894,0.1171061,0.09461156,0.08412112
interior,espelho,-0.8135417,0.3322917,0.4772130,0.6177745,0.5006925,0.4411621
interior,espelho,-0.6989583,0.3322917,0.6332768,2.386149,1.644004,0.8268766
interior,espelho,-0.5843750,0.3322917,0.7403297,0.5206493,0.4248236,0.3853161
interior,espelho,-0.4697917,0.3322917,0.8178496,0.2234031,0.169647,0.1427778
interior,espelho,-0.3552083,0.3322917,0.8737330,0.1791295,0.1481801,0.1331647
interior,espelho,-0.2406250,0.3322917,0.9119659,0.3172478,0.2678262,0.2517625
interior,espelho,-0.1260417,0.3322917,0.9347169,0.3455285,0.2948077,0.2843702
interior,espelho,-0.0114583,0.3322917,0.9431071,0.3900201,0.3464758,0.3542612
interior,espelho,0.1031250,0.3322917,0.9375220,0.6099958,0.5426646,0.5694154
interior,espelho,0.2177083,0.3322917,0.9177066,8.938762,4.027137,1.041455
interior,espelho,0.3322917,0.3322917,0.8827029,2.385568,1.142784,0.3478368
interior,espelho,0.4468750,0.3322917,0.8305932,2.821959,2.741228,3.15024
interior,espelho,0.5614583,0.3322917,0.7578567,4.692688,6.143611,8.855715
interior,espelho,0.6760417,0.3322917,0.6576853,0.1848601,0.1323279,0.08759334
interior,espelho,0.7906250,0.3322917,0.5142901,1.053403,0.7328343,0.4695169
interior,espelho,-0.6989583,0.4468750,0.5583547,1.509057,1.097385,0.6011214
interior,espelho,-0.5843750,0.4468750,0.6773541,0.6358319,0.4903016,0.4077628
interior,espelho,-0.4697917,0.4468750,0.7613137,0.4910412,0.3638078,0.2660555
interior,espelho,-0.3552083,0.4468750,0.8210541,0.4358477,0.3403367,0.2758883
interior,espelho,-0.2406250,0.4468750,0.8616277,0.4179081,0.3418823,0.3090255
interior,espelho,-0.1260417,0.4468750,0.8856728,0.4327555,0.3713908,0.357106
interior,espelho,-0.0114583,0.4468750,0.8945230,0.4835607,0.4333541,0.4443682
interior,espelho,0.1031250,0.4468750,0.8886326,0.554346,0.5010512,0.5201117
interior,espelho,0.2177083,0.4468750,0.8677015,0.6340269,0.5366125,0.5274154
interior,espelho,0.3322917,0.4468750,0.8305932,0.7773047,0.586099,0.5146614
interior,espelho,0.4468750,0.4468750,0.7749874,1.089427,0.8163809,0.710485
interior,espelho,0.5614583,0.4468750,0.6964677,0.2176065,0.1208397,0.05938136
interior,espelho,0.6760417,0.4468750,0.5858928,0.4692249,0.3106162,0.2152736
interior,espelho,0.7906250,0.4468750,0.4185867,0.9277085,0.6961943,0.5233268
interior,espelho,-0.6989583,0.5614583,0.4429693,0.2059416,0.1437188,0.09636322
interior,espelho,-0.5843750,0.5614583,0.5858928,0.6346232,0.4860097,0.4055061
interior,espelho,-0.4697917,0.5614583,0.6812197,0.9604703,0.6515584,0.3648946
interior,espelho,-0.3552083,0.5614583,0.7473898,0.6583952,0.4822371,0.330136
interior,espelho,-0.2406250,0.5614583,0.7917475,0.5042094,0.3977277,0.3280462
interior,espelho,-0.1260417,0.5614583,0.8178496,0.4839197,0.40625,0.3718216
interior,espelho,-0.0114583,0.5614583,0.8274257,0.4985976,0.4338532,0.4192183
interior,espelho,0.1031250,0.5614583,0.8210541,0.5245613,0.4687266,0.4665293
interior,espelho,0.2177083,0.5614583,0.7983531,0.553333,0.4979924,0.5031812
interior,espelho,0.3322917,0.5614583,0.7578567,0.6040174,0.5439056,0.5570415
interior,espelho,0.4468750,0.5614583,0.6964677,0.5816829,0.5211822,0.5328203
interior,espelho,0.5614583,0.5614583,0.6078890,0.3448356,0.2795134,0.2603612
interior,espelho,0.6760417,0.5614583,0.4772130,0.7328088,0.5509781,0.4144906
interior,espelho,-0.5843750,0.6760417,0.4488580,0.5523559,0.4282711,0.3710703
interior,espelho,-0.4697917,0.6760417,0.5676825,0.6571769,0.4524536,0.2771813
interior,espelho,-0.3552083,0.6760417,0.6455964,0.7538612,0.5297244,0.3299964
interior,espelho,-0.2406250,0.6760417,0.6964677,0.57083,0.4318777,0.3232205
interior,espelho,-0.1260417,0.6760417,0.7260036,0.5019531,0.4050293,0.3399855
interior,espelho,-0.0114583,0.6760417,0.7367743,0.4975835,0.4155671,0.378914
interior,espelho,0.1031250,0.6760417,0.7296115,0.4451287,0.3983261,0.3986704
interior,espelho,0.2177083,0.6760417,0.7039679,0.4988444,0.4358561,0.4263346
interior,espelho,0.3322917,0.6760417,0.6576853,0.4941171,0.4274668,0.4179494
interior,espelho,0.4468750,0.6760417,0.5858928,0.4464273,0.3669519,0.3417702
interior,espelho,0.5614583,0.6760417,0.4772130,0.479827,0.3628133,0.2826085
interior,espelho,-0.4697917,0.7906250,0.3926931,0.4011795,0.3367119,0.3080774
interior,espelho,-0.3552083,0.7906250,0.4987376,0.43399,0.3094495,0.2154003
interior,espelho,-0.2406250,0.7906250,0.5630379,0.4978739,0.3648542,0.2617798
interior,espelho,-0.1260417,0.7906250,0.5991875,0.4721795,0.360956,0.2838891
interior,espelho,-0.0114583,0.7906250,0.6121934,0.4532601,0.3594651,0.3034668
interior,espelho,0.1031250,0.7906250,0.6035539,0.4407111,0.358699,0.318885
interior,espelho,0.2177083,0.7906250,0.5722894,0.4248274,0.3475213,0.3132267
interior,espelho,0.3322917,0.7906250,0.5142901,0.3954651,0.3138594,0.2768127
interior,espelho,0.4468750,0.7906250,0.4185867,0.4252598,0.3216829,0.2487033
interior,espelho,-0.1260417,0.9052083,0.4058465,0.3408208,0.2484637,0.1872604
interior,espelho,-0.0114583,0.9052083,0.4248136,0.3915985,0.2858855,0.216124
interior,espelho,0.1031250,0.9052083,0.4122658,0.3540207,0.2615399,0.2056072
